,
main
name:THT,discipline:0,parameterCategory:0,parameterNumber:2
name:DTHRAD,discipline:0,parameterCategory:255,parameterNumber:255
name:RVT,discipline:0,parameterCategory:1,parameterNumber:2
name:RCT,discipline:0,parameterCategory:1,parameterNumber:22
name:RIT,discipline:0,parameterCategory:1,parameterNumber:23
name:RRT,discipline:0,parameterCategory:1,parameterNumber:24
name:RST,discipline:0,parameterCategory:1,parameterNumber:25
name:RGT,discipline:0,parameterCategory:255,parameterNumber:255
name:RHT,discipline:0,parameterCategory:255,parameterNumber:255
name:CIT,discipline:0,parameterCategory:255,parameterNumber:255
name:INPRR3D,discipline:0,parameterCategory:1,parameterNumber:65
name:EVAP3D,discipline:0,parameterCategory:255,parameterNumber:255
name:UT,discipline:0,parameterCategory:2,parameterNumber:2
name:VT,discipline:0,parameterCategory:2,parameterNumber:3
name:WT,discipline:0,parameterCategory:2,parameterNumber:9
name:PABST,discipline:0,parameterCategory:3,parameterNumber:0
name:CLDFR,discipline:0,parameterCategory:6,parameterNumber:1
name:TKET,discipline:0,parameterCategory:19,parameterNumber:11
name:SRCT,discipline:0,parameterCategory:255,parameterNumber:255
name:SIGS,discipline:0,parameterCategory:255,parameterNumber:255
name:THM,discipline:0,parameterCategory:0,parameterNumber:2
name:RVM,discipline:0,parameterCategory:1,parameterNumber:2
name:RCM,discipline:0,parameterCategory:1,parameterNumber:22
name:RIM,discipline:0,parameterCategory:1,parameterNumber:23
name:RRM,discipline:0,parameterCategory:1,parameterNumber:24
name:RSM,discipline:0,parameterCategory:1,parameterNumber:25
name:RGM,discipline:0,parameterCategory:255,parameterNumber:255
name:RHM,discipline:0,parameterCategory:255,parameterNumber:255
name:UM,discipline:0,parameterCategory:2,parameterNumber:2
name:VM,discipline:0,parameterCategory:2,parameterNumber:3
name:WM,discipline:0,parameterCategory:2,parameterNumber:9
name:PABSM,discipline:0,parameterCategory:3,parameterNumber:0
name:TKEM,discipline:0,parameterCategory:19,parameterNumber:11
name:SRCM,discipline:0,parameterCategory:255,parameterNumber:255
name:LSTHM,discipline:0,parameterCategory:0,parameterNumber:2
name:LSRVM,discipline:0,parameterCategory:1,parameterNumber:2
name:LSUM,discipline:0,parameterCategory:2,parameterNumber:2
name:LSVM,discipline:0,parameterCategory:2,parameterNumber:3
name:LSWM,discipline:0,parameterCategory:2,parameterNumber:9
name:CO2T,discipline:255,parameterCategory:255,parameterNumber:255
name:WTHVMF,discipline:0,parameterCategory:255,parameterNumber:255
name:RHODREF,discipline:0,parameterCategory:255,parameterNumber:255
name:SWD,discipline:0,parameterCategory:255,parameterNumber:255
name:SWU,discipline:0,parameterCategory:255,parameterNumber:255
name:T2M,typeOfFirstFixedSurface:103,level:2,discipline:0,parameterCategory:0,parameterNumber:0
name:SEA_SBL_T01,typeOfFirstFixedSurface:255,level:1,discipline:0,parameterCategory:0,parameterNumber:0
name:SEA_SBL_T02,typeOfFirstFixedSurface:255,level:2,discipline:0,parameterCategory:0,parameterNumber:0
name:SEA_SBL_T03,typeOfFirstFixedSurface:255,level:3,discipline:0,parameterCategory:0,parameterNumber:0
name:SEA_SBL_T04,typeOfFirstFixedSurface:255,level:4,discipline:0,parameterCategory:0,parameterNumber:0
name:SEA_SBL_T05,typeOfFirstFixedSurface:255,level:5,discipline:0,parameterCategory:0,parameterNumber:0
name:SEA_SBL_T06,typeOfFirstFixedSurface:255,level:6,discipline:0,parameterCategory:0,parameterNumber:0
name:TS_WATER,typeOfFirstFixedSurface:1,discipline:255,parameterCategory:255,parameterNumber:255
name:ACPRG,typeOfFirstFixedSurface:1,discipline:0,parameterCategory:1,parameterNumber:255
name:ACPRR,typeOfFirstFixedSurface:1,discipline:0,parameterCategory:1,parameterNumber:49
name:ACPRS,typeOfFirstFixedSurface:1,discipline:0,parameterCategory:1,parameterNumber:50
name:HU2M,typeOfFirstFixedSurface:103,level:2,discipline:0,parameterCategory:1,parameterNumber:1
name:INPRG,typeOfFirstFixedSurface:1,discipline:0,parameterCategory:1,parameterNumber:68
name:INPRR,typeOfFirstFixedSurface:1,discipline:0,parameterCategory:1,parameterNumber:65
name:INPRS,typeOfFirstFixedSurface:1,discipline:0,parameterCategory:1,parameterNumber:66
name:Q2M,typeOfFirstFixedSurface:103,level:2,discipline:0,parameterCategory:1,parameterNumber:0
name:SEA_SBL_Q01,typeOfFirstFixedSurface:255,level:1,discipline:0,parameterCategory:1,parameterNumber:0
name:SEA_SBL_Q02,typeOfFirstFixedSurface:255,level:2,discipline:0,parameterCategory:1,parameterNumber:0
name:SEA_SBL_Q03,typeOfFirstFixedSurface:255,level:3,discipline:0,parameterCategory:1,parameterNumber:0
name:SEA_SBL_Q04,typeOfFirstFixedSurface:255,level:4,discipline:0,parameterCategory:1,parameterNumber:0
name:SEA_SBL_Q05,typeOfFirstFixedSurface:255,level:5,discipline:0,parameterCategory:1,parameterNumber:0
name:SEA_SBL_Q06,typeOfFirstFixedSurface:255,level:6,discipline:0,parameterCategory:1,parameterNumber:0
name:MER10M,typeOfFirstFixedSurface:103,level:10,discipline:0,parameterCategory:2,parameterNumber:2
name:ZON10M,typeOfFirstFixedSurface:103,level:10,discipline:0,parameterCategory:2,parameterNumber:3
name:SEA_SBL_U01,typeOfFirstFixedSurface:255,level:1,discipline:0,parameterCategory:2,parameterNumber:1
name:SEA_SBL_U02,typeOfFirstFixedSurface:255,level:2,discipline:0,parameterCategory:2,parameterNumber:1
name:SEA_SBL_U03,typeOfFirstFixedSurface:255,level:3,discipline:0,parameterCategory:2,parameterNumber:1
name:SEA_SBL_U04,typeOfFirstFixedSurface:255,level:4,discipline:0,parameterCategory:2,parameterNumber:1
name:SEA_SBL_U05,typeOfFirstFixedSurface:255,level:5,discipline:0,parameterCategory:2,parameterNumber:1
name:SEA_SBL_U06,typeOfFirstFixedSurface:255,level:6,discipline:0,parameterCategory:2,parameterNumber:1
name:COVER001,typeOfFirstFixedSurface:1,discipline:2,parameterCategory:0,parameterNumber:0
name:ZS,typeOfFirstFixedSurface:1,discipline:0,parameterCategory:3,parameterNumber:6
name:ZSMT,typeOfFirstFixedSurface:1,discipline:255,parameterCategory:255,parameterNumber:255
name:AVG_ZS,typeOfFirstFixedSurface:1,discipline:2,parameterCategory:0,parameterNumber:255
name:SIL_ZS,typeOfFirstFixedSurface:1,discipline:2,parameterCategory:0,parameterNumber:255
name:SSO_STDEV,typeOfFirstFixedSurface:1,discipline:0,parameterCategory:3,parameterNumber:20
name:MIN_ZS,typeOfFirstFixedSurface:1,discipline:2,parameterCategory:0,parameterNumber:255
name:MAX_ZS,typeOfFirstFixedSurface:1,discipline:2,parameterCategory:0,parameterNumber:255
name:SSO_ANIS,typeOfFirstFixedSurface:1,discipline:0,parameterCategory:3,parameterNumber:24
name:SSO_DIR,typeOfFirstFixedSurface:1,discipline:0,parameterCategory:3,parameterNumber:21
name:SSO_SLOPE,typeOfFirstFixedSurface:1,discipline:0,parameterCategory:3,parameterNumber:22
name:HO2IP,typeOfFirstFixedSurface:1,discipline:255,parameterCategory:255,parameterNumber:255
name:HO2JP,typeOfFirstFixedSurface:1,discipline:255,parameterCategory:255,parameterNumber:255
name:HO2IM,typeOfFirstFixedSurface:1,discipline:255,parameterCategory:255,parameterNumber:255
name:HO2JM,typeOfFirstFixedSurface:1,discipline:255,parameterCategory:255,parameterNumber:255
name:AOSIP,typeOfFirstFixedSurface:1,discipline:255,parameterCategory:255,parameterNumber:255
name:AOSJP,typeOfFirstFixedSurface:1,discipline:255,parameterCategory:255,parameterNumber:255
name:AOSIM,typeOfFirstFixedSurface:1,discipline:255,parameterCategory:255,parameterNumber:255
name:AOSJM,typeOfFirstFixedSurface:1,discipline:255,parameterCategory:255,parameterNumber:255
name:Z0SEA,typeOfFirstFixedSurface:1,discipline:255,parameterCategory:255,parameterNumber:255
name:BATHY,typeOfFirstFixedSurface:1,discipline:255,parameterCategory:255,parameterNumber:255
name:SST,typeOfFirstFixedSurface:1,discipline:10,parameterCategory:3,parameterNumber:0
name:Z0WATER,typeOfFirstFixedSurface:1,discipline:255,parameterCategory:255,parameterNumber:255
name:SEA_SBL_Z01,typeOfFirstFixedSurface:255,level:1,discipline:0,parameterCategory:3,parameterNumber:255
name:SEA_SBL_Z02,typeOfFirstFixedSurface:255,level:2,discipline:0,parameterCategory:3,parameterNumber:255
name:SEA_SBL_Z03,typeOfFirstFixedSurface:255,level:3,discipline:0,parameterCategory:3,parameterNumber:255
name:SEA_SBL_Z04,typeOfFirstFixedSurface:255,level:4,discipline:0,parameterCategory:3,parameterNumber:255
name:SEA_SBL_Z05,typeOfFirstFixedSurface:255,level:5,discipline:0,parameterCategory:3,parameterNumber:255
name:SEA_SBL_Z06,typeOfFirstFixedSurface:255,level:6,discipline:0,parameterCategory:3,parameterNumber:255
name:SEA_SBL_E01,typeOfFirstFixedSurface:255,level:1,discipline:0,parameterCategory:19,parameterNumber:11
name:SEA_SBL_E02,typeOfFirstFixedSurface:255,level:2,discipline:0,parameterCategory:19,parameterNumber:11
name:SEA_SBL_E03,typeOfFirstFixedSurface:255,level:3,discipline:0,parameterCategory:19,parameterNumber:11
name:SEA_SBL_E04,typeOfFirstFixedSurface:255,level:4,discipline:0,parameterCategory:19,parameterNumber:11
name:SEA_SBL_E05,typeOfFirstFixedSurface:255,level:5,discipline:0,parameterCategory:19,parameterNumber:11
name:SEA_SBL_E06,typeOfFirstFixedSurface:255,level:6,discipline:0,parameterCategory:19,parameterNumber:11
name:SEA_SBL_LMO,typeOfFirstFixedSurface:255,discipline:255,parameterCategory:255,parameterNumber:255
name:SEA_SBL_P01,typeOfFirstFixedSurface:255,level:1,discipline:0,parameterCategory:3,parameterNumber:0
name:SEA_SBL_P02,typeOfFirstFixedSurface:255,level:2,discipline:0,parameterCategory:3,parameterNumber:0
name:SEA_SBL_P03,typeOfFirstFixedSurface:255,level:3,discipline:0,parameterCategory:3,parameterNumber:0
name:SEA_SBL_P04,typeOfFirstFixedSurface:255,level:4,discipline:0,parameterCategory:3,parameterNumber:0
name:SEA_SBL_P05,typeOfFirstFixedSurface:255,level:5,discipline:0,parameterCategory:3,parameterNumber:0
name:SEA_SBL_P06,typeOfFirstFixedSurface:255,level:6,discipline:0,parameterCategory:3,parameterNumber:0
name:TSRAD_NAT,typeOfFirstFixedSurface:1,discipline:255,parameterCategory:255,parameterNumber:255
name:ISBA_CAN_Z01,typeOfFirstFixedSurface:255,level:1,discipline:0,parameterCategory:3,parameterNumber:255
name:ISBA_CAN_Z02,typeOfFirstFixedSurface:255,level:2,discipline:0,parameterCategory:3,parameterNumber:255
name:ISBA_CAN_Z03,typeOfFirstFixedSurface:255,level:3,discipline:0,parameterCategory:3,parameterNumber:255
name:ISBA_CAN_Z04,typeOfFirstFixedSurface:255,level:4,discipline:0,parameterCategory:3,parameterNumber:255
name:ISBA_CAN_Z05,typeOfFirstFixedSurface:255,level:5,discipline:0,parameterCategory:3,parameterNumber:255
name:ISBA_CAN_Z06,typeOfFirstFixedSurface:255,level:6,discipline:0,parameterCategory:3,parameterNumber:255
name:ISBA_CAN_U01,typeOfFirstFixedSurface:255,level:1,discipline:0,parameterCategory:2,parameterNumber:1
name:ISBA_CAN_U02,typeOfFirstFixedSurface:255,level:2,discipline:0,parameterCategory:2,parameterNumber:1
name:ISBA_CAN_U03,typeOfFirstFixedSurface:255,level:3,discipline:0,parameterCategory:2,parameterNumber:1
name:ISBA_CAN_U04,typeOfFirstFixedSurface:255,level:4,discipline:0,parameterCategory:2,parameterNumber:1
name:ISBA_CAN_U05,typeOfFirstFixedSurface:255,level:5,discipline:0,parameterCategory:2,parameterNumber:1
name:ISBA_CAN_U06,typeOfFirstFixedSurface:255,level:6,discipline:0,parameterCategory:2,parameterNumber:1
name:ISBA_CAN_T01,typeOfFirstFixedSurface:255,level:1,discipline:0,parameterCategory:0,parameterNumber:0
name:ISBA_CAN_T02,typeOfFirstFixedSurface:255,level:2,discipline:0,parameterCategory:0,parameterNumber:0
name:ISBA_CAN_T03,typeOfFirstFixedSurface:255,level:3,discipline:0,parameterCategory:0,parameterNumber:0
name:ISBA_CAN_T04,typeOfFirstFixedSurface:255,level:4,discipline:0,parameterCategory:0,parameterNumber:0
name:ISBA_CAN_T05,typeOfFirstFixedSurface:255,level:5,discipline:0,parameterCategory:0,parameterNumber:0
name:ISBA_CAN_T06,typeOfFirstFixedSurface:255,level:6,discipline:0,parameterCategory:0,parameterNumber:0
name:ISBA_CAN_Q01,typeOfFirstFixedSurface:255,level:1,discipline:0,parameterCategory:1,parameterNumber:0
name:ISBA_CAN_Q02,typeOfFirstFixedSurface:255,level:2,discipline:0,parameterCategory:1,parameterNumber:0
name:ISBA_CAN_Q03,typeOfFirstFixedSurface:255,level:3,discipline:0,parameterCategory:1,parameterNumber:0
name:ISBA_CAN_Q04,typeOfFirstFixedSurface:255,level:4,discipline:0,parameterCategory:1,parameterNumber:0
name:ISBA_CAN_Q05,typeOfFirstFixedSurface:255,level:5,discipline:0,parameterCategory:1,parameterNumber:0
name:ISBA_CAN_Q06,typeOfFirstFixedSurface:255,level:6,discipline:0,parameterCategory:1,parameterNumber:0
name:ISBA_CAN_E01,typeOfFirstFixedSurface:255,level:1,discipline:0,parameterCategory:19,parameterNumber:11
name:ISBA_CAN_E02,typeOfFirstFixedSurface:255,level:2,discipline:0,parameterCategory:19,parameterNumber:11
name:ISBA_CAN_E03,typeOfFirstFixedSurface:255,level:3,discipline:0,parameterCategory:19,parameterNumber:11
name:ISBA_CAN_E04,typeOfFirstFixedSurface:255,level:4,discipline:0,parameterCategory:19,parameterNumber:11
name:ISBA_CAN_E05,typeOfFirstFixedSurface:255,level:5,discipline:0,parameterCategory:19,parameterNumber:11
name:ISBA_CAN_E06,typeOfFirstFixedSurface:255,level:6,discipline:0,parameterCategory:19,parameterNumber:11
name:ISBA_CAN_LMO,typeOfFirstFixedSurface:255,discipline:255,parameterCategory:255,parameterNumber:255
name:ISBA_CAN_P01,typeOfFirstFixedSurface:255,level:1,discipline:0,parameterCategory:3,parameterNumber:0
name:ISBA_CAN_P02,typeOfFirstFixedSurface:255,level:2,discipline:0,parameterCategory:3,parameterNumber:0
name:ISBA_CAN_P03,typeOfFirstFixedSurface:255,level:3,discipline:0,parameterCategory:3,parameterNumber:0
name:ISBA_CAN_P04,typeOfFirstFixedSurface:255,level:4,discipline:0,parameterCategory:3,parameterNumber:0
name:ISBA_CAN_P05,typeOfFirstFixedSurface:255,level:5,discipline:0,parameterCategory:3,parameterNumber:0
name:ISBA_CAN_P06,typeOfFirstFixedSurface:255,level:6,discipline:0,parameterCategory:3,parameterNumber:0
name:CLAY,typeOfFirstFixedSurface:1,discipline:255,parameterCategory:255,parameterNumber:255
name:SAND,typeOfFirstFixedSurface:1,discipline:255,parameterCategory:255,parameterNumber:255
name:RUNOFFB,typeOfFirstFixedSurface:255,discipline:255,parameterCategory:255,parameterNumber:255
name:WDRAIN,typeOfFirstFixedSurface:255,discipline:255,parameterCategory:255,parameterNumber:255
name:T_ROOF1,typeOfFirstFixedSurface:255,level:1,discipline:255,parameterCategory:255,parameterNumber:255
name:T_ROOF2,typeOfFirstFixedSurface:255,level:2,discipline:255,parameterCategory:255,parameterNumber:255
name:T_ROOF3,typeOfFirstFixedSurface:255,level:3,discipline:255,parameterCategory:255,parameterNumber:255
name:WS_ROOF,typeOfFirstFixedSurface:255,discipline:255,parameterCategory:255,parameterNumber:255
name:T_ROAD1,typeOfFirstFixedSurface:255,level:1,discipline:255,parameterCategory:255,parameterNumber:255
name:T_ROAD2,typeOfFirstFixedSurface:255,level:2,discipline:255,parameterCategory:255,parameterNumber:255
name:T_ROAD3,typeOfFirstFixedSurface:255,level:3,discipline:255,parameterCategory:255,parameterNumber:255
name:WS_ROAD,typeOfFirstFixedSurface:255,discipline:255,parameterCategory:255,parameterNumber:255
name:T_WALL1,typeOfFirstFixedSurface:255,level:1,discipline:255,parameterCategory:255,parameterNumber:255
name:T_WALL2,typeOfFirstFixedSurface:255,level:2,discipline:255,parameterCategory:255,parameterNumber:255
name:T_WALL3,typeOfFirstFixedSurface:255,level:3,discipline:255,parameterCategory:255,parameterNumber:255
name:TI_BLD,typeOfFirstFixedSurface:255,discipline:255,parameterCategory:255,parameterNumber:255
name:TI_ROAD,typeOfFirstFixedSurface:255,discipline:255,parameterCategory:255,parameterNumber:255
name:WSNOW_ROOF1,typeOfFirstFixedSurface:255,level:1,discipline:255,parameterCategory:255,parameterNumber:255
name:RSNOW_ROOF1,typeOfFirstFixedSurface:255,level:1,discipline:255,parameterCategory:255,parameterNumber:255
name:TSNOW_ROOF1,typeOfFirstFixedSurface:255,level:1,discipline:255,parameterCategory:255,parameterNumber:255
name:ASNOW_ROOF,typeOfFirstFixedSurface:255,discipline:255,parameterCategory:255,parameterNumber:255
name:WSNOW_ROAD1,typeOfFirstFixedSurface:255,level:1,discipline:255,parameterCategory:255,parameterNumber:255
name:RSNOW_ROAD1,typeOfFirstFixedSurface:255,level:1,discipline:255,parameterCategory:255,parameterNumber:255
name:TSNOW_ROAD1,typeOfFirstFixedSurface:255,level:1,discipline:255,parameterCategory:255,parameterNumber:255
name:ASNOW_ROAD,typeOfFirstFixedSurface:255,discipline:255,parameterCategory:255,parameterNumber:255
name:T_CANYON,typeOfFirstFixedSurface:255,discipline:255,parameterCategory:255,parameterNumber:255
name:Q_CANYON,typeOfFirstFixedSurface:255,discipline:255,parameterCategory:255,parameterNumber:255
name:RI_SEA,typeOfFirstFixedSurface:1,discipline:255,parameterCategory:255,parameterNumber:255
name:RN_SEA,typeOfFirstFixedSurface:1,discipline:255,parameterCategory:255,parameterNumber:255
name:H_SEA,typeOfFirstFixedSurface:1,discipline:255,parameterCategory:255,parameterNumber:255
name:LE_SEA,typeOfFirstFixedSurface:1,discipline:255,parameterCategory:255,parameterNumber:255
name:LEI_SEA,typeOfFirstFixedSurface:1,discipline:255,parameterCategory:255,parameterNumber:255
name:GFLUX_SEA,typeOfFirstFixedSurface:1,discipline:255,parameterCategory:255,parameterNumber:255
name:FMU_SEA,typeOfFirstFixedSurface:1,discipline:255,parameterCategory:255,parameterNumber:255
name:FMV_SEA,typeOfFirstFixedSurface:1,discipline:255,parameterCategory:255,parameterNumber:255
name:T2M_SEA,typeOfFirstFixedSurface:103,level:2,discipline:255,parameterCategory:255,parameterNumber:255
name:T2MMIN_SEA,typeOfFirstFixedSurface:103,level:2,discipline:255,parameterCategory:255,parameterNumber:255
name:T2MMAX_SEA,typeOfFirstFixedSurface:103,level:2,discipline:255,parameterCategory:255,parameterNumber:255
name:Q2M_SEA,typeOfFirstFixedSurface:103,level:2,discipline:255,parameterCategory:255,parameterNumber:255
name:HU2M_SEA,typeOfFirstFixedSurface:103,level:2,discipline:255,parameterCategory:255,parameterNumber:255
name:HU2MMIN_SEA,typeOfFirstFixedSurface:103,level:2,discipline:255,parameterCategory:255,parameterNumber:255
name:HU2MMAX_SEA,typeOfFirstFixedSurface:103,level:2,discipline:255,parameterCategory:255,parameterNumber:255
name:ZON10M_SEA,typeOfFirstFixedSurface:103,level:10,discipline:255,parameterCategory:255,parameterNumber:255
name:MER10M_SEA,typeOfFirstFixedSurface:103,level:10,discipline:255,parameterCategory:255,parameterNumber:255
name:W10M_SEA,typeOfFirstFixedSurface:103,level:10,discipline:255,parameterCategory:255,parameterNumber:255
name:W10MMAX_SEA,typeOfFirstFixedSurface:103,level:10,discipline:255,parameterCategory:255,parameterNumber:255
name:RI_WAT,typeOfFirstFixedSurface:1,discipline:255,parameterCategory:255,parameterNumber:255
name:RN_WAT,typeOfFirstFixedSurface:1,discipline:255,parameterCategory:255,parameterNumber:255
name:H_WAT,typeOfFirstFixedSurface:1,discipline:255,parameterCategory:255,parameterNumber:255
name:LE_WAT,typeOfFirstFixedSurface:1,discipline:255,parameterCategory:255,parameterNumber:255
name:LEI_WAT,typeOfFirstFixedSurface:1,discipline:255,parameterCategory:255,parameterNumber:255
name:GFLUX_WAT,typeOfFirstFixedSurface:1,discipline:255,parameterCategory:255,parameterNumber:255
name:FMU_WAT,typeOfFirstFixedSurface:1,discipline:255,parameterCategory:255,parameterNumber:255
name:FMV_WAT,typeOfFirstFixedSurface:1,discipline:255,parameterCategory:255,parameterNumber:255
name:T2M_WAT,typeOfFirstFixedSurface:103,level:2,discipline:255,parameterCategory:255,parameterNumber:255
name:T2MMIN_WAT,typeOfFirstFixedSurface:103,level:2,discipline:255,parameterCategory:255,parameterNumber:255
name:T2MMAX_WAT,typeOfFirstFixedSurface:103,level:2,discipline:255,parameterCategory:255,parameterNumber:255
name:Q2M_WAT,typeOfFirstFixedSurface:103,level:2,discipline:255,parameterCategory:255,parameterNumber:255
name:HU2MMIN_WAT,typeOfFirstFixedSurface:103,level:2,discipline:255,parameterCategory:255,parameterNumber:255
name:HU2MMAX_WAT,typeOfFirstFixedSurface:103,level:2,discipline:255,parameterCategory:255,parameterNumber:255
name:ZON10M_WAT,typeOfFirstFixedSurface:103,level:10,discipline:255,parameterCategory:255,parameterNumber:255
name:MER10M_WAT,typeOfFirstFixedSurface:103,level:10,discipline:255,parameterCategory:255,parameterNumber:255
name:W10M_WAT,typeOfFirstFixedSurface:103,level:10,discipline:255,parameterCategory:255,parameterNumber:255
name:W10MMAX_WAT,typeOfFirstFixedSurface:103,level:10,discipline:255,parameterCategory:255,parameterNumber:255
name:RI_ISBA,typeOfFirstFixedSurface:1,discipline:255,parameterCategory:255,parameterNumber:255
name:RN_ISBA,typeOfFirstFixedSurface:1,discipline:255,parameterCategory:255,parameterNumber:255
name:H_ISBA,typeOfFirstFixedSurface:1,discipline:255,parameterCategory:255,parameterNumber:255
name:LE_ISBA,typeOfFirstFixedSurface:1,discipline:255,parameterCategory:255,parameterNumber:255
name:LEI_ISBA,typeOfFirstFixedSurface:1,discipline:255,parameterCategory:255,parameterNumber:255
name:GFLUX_ISBA,typeOfFirstFixedSurface:1,discipline:255,parameterCategory:255,parameterNumber:255
name:FMU_ISBA,typeOfFirstFixedSurface:1,discipline:255,parameterCategory:255,parameterNumber:255
name:FMV_ISBA,typeOfFirstFixedSurface:1,discipline:255,parameterCategory:255,parameterNumber:255
name:T2M_ISBA,typeOfFirstFixedSurface:1,discipline:255,parameterCategory:255,parameterNumber:255
name:T2MMIN_ISBA,typeOfFirstFixedSurface:1,discipline:255,parameterCategory:255,parameterNumber:255
name:T2MMAX_ISBA,typeOfFirstFixedSurface:1,discipline:255,parameterCategory:255,parameterNumber:255
name:Q2M_ISBA,typeOfFirstFixedSurface:103,level:2,discipline:255,parameterCategory:255,parameterNumber:255
name:HU2M_ISBA,typeOfFirstFixedSurface:103,level:2,discipline:255,parameterCategory:255,parameterNumber:255
name:HU2MMIN_ISBA,typeOfFirstFixedSurface:103,level:2,discipline:255,parameterCategory:255,parameterNumber:255
name:HU2MMAX_ISBA,typeOfFirstFixedSurface:103,level:2,discipline:255,parameterCategory:255,parameterNumber:255
name:ZON10M_ISBA,typeOfFirstFixedSurface:103,level:10,discipline:255,parameterCategory:255,parameterNumber:255
name:MER10M_ISBA,typeOfFirstFixedSurface:103,level:10,discipline:255,parameterCategory:255,parameterNumber:255
name:W10M_ISBA,typeOfFirstFixedSurface:103,level:10,discipline:255,parameterCategory:255,parameterNumber:255
name:W10MMAX_ISBA,typeOfFirstFixedSurface:103,level:10,discipline:255,parameterCategory:255,parameterNumber:255
name:HV_ISBA,typeOfFirstFixedSurface:1,discipline:255,parameterCategory:255,parameterNumber:255
name:PSNG_ISBA,typeOfFirstFixedSurface:1,discipline:255,parameterCategory:255,parameterNumber:255
name:PSNV_ISBA,typeOfFirstFixedSurface:1,discipline:255,parameterCategory:255,parameterNumber:255
name:PSN_ISBA,typeOfFirstFixedSurface:1,discipline:255,parameterCategory:255,parameterNumber:255
name:TALB_ISBA,typeOfFirstFixedSurface:1,discipline:255,parameterCategory:255,parameterNumber:255
name:SWI1_ISBA,typeOfFirstFixedSurface:255,level:1,discipline:255,parameterCategory:255,parameterNumber:255
name:TSWI1_ISBA,typeOfFirstFixedSurface:255,level:1,discipline:255,parameterCategory:255,parameterNumber:255
name:SWI2_ISBA,typeOfFirstFixedSurface:255,level:2,discipline:255,parameterCategory:255,parameterNumber:255
name:TSWI2_ISBA,typeOfFirstFixedSurface:255,level:2,discipline:255,parameterCategory:255,parameterNumber:255
name:SWI3_ISBA,typeOfFirstFixedSurface:255,level:3,discipline:255,parameterCategory:255,parameterNumber:255
name:TSWI3_ISBA,typeOfFirstFixedSurface:255,level:3,discipline:255,parameterCategory:255,parameterNumber:255
name:TSWI_T_ISBA,typeOfFirstFixedSurface:1,discipline:255,parameterCategory:255,parameterNumber:255
name:WGTOT_T_ISBA,typeOfFirstFixedSurface:1,discipline:255,parameterCategory:255,parameterNumber:255
name:WGI_T_ISBA,typeOfFirstFixedSurface:1,discipline:255,parameterCategory:255,parameterNumber:255
name:WSNOW_T_ISBA,typeOfFirstFixedSurface:1,discipline:255,parameterCategory:255,parameterNumber:255
name:DSNOW_T_ISBA,typeOfFirstFixedSurface:1,discipline:255,parameterCategory:255,parameterNumber:255
name:TSNOW_T_ISBA,typeOfFirstFixedSurface:1,discipline:255,parameterCategory:255,parameterNumber:255
name:LAI,typeOfFirstFixedSurface:1,discipline:255,parameterCategory:255,parameterNumber:255
name:VEG,typeOfFirstFixedSurface:1,discipline:255,parameterCategory:255,parameterNumber:255
name:Z0VEG,typeOfFirstFixedSurface:1,discipline:255,parameterCategory:255,parameterNumber:255
name:PATCH,typeOfFirstFixedSurface:1,discipline:255,parameterCategory:255,parameterNumber:255
name:DG1,typeOfFirstFixedSurface:255,level:1,discipline:255,parameterCategory:255,parameterNumber:255
name:DG2,typeOfFirstFixedSurface:255,level:2,discipline:255,parameterCategory:255,parameterNumber:255
name:DG3,typeOfFirstFixedSurface:255,level:3,discipline:255,parameterCategory:255,parameterNumber:255
name:Z0REL,typeOfFirstFixedSurface:1,discipline:255,parameterCategory:255,parameterNumber:255
name:VEGTYPE_P1,typeOfFirstFixedSurface:255,discipline:255,parameterCategory:255,parameterNumber:255
name:VEGTYPE_P2,typeOfFirstFixedSurface:255,discipline:255,parameterCategory:255,parameterNumber:255
name:VEGTYPE_P3,typeOfFirstFixedSurface:255,discipline:255,parameterCategory:255,parameterNumber:255
name:VEGTYPE_P4,typeOfFirstFixedSurface:255,discipline:255,parameterCategory:255,parameterNumber:255
name:VEGTYPE_P5,typeOfFirstFixedSurface:255,discipline:255,parameterCategory:255,parameterNumber:255
name:VEGTYPE_P6,typeOfFirstFixedSurface:255,discipline:255,parameterCategory:255,parameterNumber:255
name:VEGTYPE_P7,typeOfFirstFixedSurface:255,discipline:255,parameterCategory:255,parameterNumber:255
name:VEGTYPE_P8,typeOfFirstFixedSurface:255,discipline:255,parameterCategory:255,parameterNumber:255
name:VEGTYPE_P9,typeOfFirstFixedSurface:255,discipline:255,parameterCategory:255,parameterNumber:255
name:VEGTYPE_P10,typeOfFirstFixedSurface:255,discipline:255,parameterCategory:255,parameterNumber:255
name:VEGTYPE_P11,typeOfFirstFixedSurface:255,discipline:255,parameterCategory:255,parameterNumber:255
name:VEGTYPE_P12,typeOfFirstFixedSurface:255,discipline:255,parameterCategory:255,parameterNumber:255
name:RSMIN,typeOfFirstFixedSurface:1,discipline:255,parameterCategory:255,parameterNumber:255
name:GAMMA,typeOfFirstFixedSurface:1,discipline:255,parameterCategory:255,parameterNumber:255
name:CV,typeOfFirstFixedSurface:1,discipline:255,parameterCategory:255,parameterNumber:255
name:RGL,typeOfFirstFixedSurface:1,discipline:255,parameterCategory:255,parameterNumber:255
name:EMIS_ISBA,typeOfFirstFixedSurface:1,discipline:255,parameterCategory:255,parameterNumber:255
name:WRMAX_CF,typeOfFirstFixedSurface:1,discipline:255,parameterCategory:255,parameterNumber:255
name:ALBNIR_SOIL,typeOfFirstFixedSurface:1,discipline:255,parameterCategory:255,parameterNumber:255
name:ALBVIS_SOIL,typeOfFirstFixedSurface:1,discipline:255,parameterCategory:255,parameterNumber:255
name:ALBUV_SOIL,typeOfFirstFixedSurface:1,discipline:255,parameterCategory:255,parameterNumber:255
name:ALBNIR_ISBA,typeOfFirstFixedSurface:1,discipline:255,parameterCategory:255,parameterNumber:255
name:ALBVIS_ISBA,typeOfFirstFixedSurface:1,discipline:255,parameterCategory:255,parameterNumber:255
name:ALBUV_ISBA,typeOfFirstFixedSurface:1,discipline:255,parameterCategory:255,parameterNumber:255
name:RI_TEB,typeOfFirstFixedSurface:1,discipline:255,parameterCategory:255,parameterNumber:255
name:RN_TEB,typeOfFirstFixedSurface:1,discipline:255,parameterCategory:255,parameterNumber:255
name:H_TEB,typeOfFirstFixedSurface:1,discipline:255,parameterCategory:255,parameterNumber:255
name:LE_TEB,typeOfFirstFixedSurface:1,discipline:255,parameterCategory:255,parameterNumber:255
name:GFLUX_TEB,typeOfFirstFixedSurface:1,discipline:255,parameterCategory:255,parameterNumber:255
name:FMU_TEB,typeOfFirstFixedSurface:1,discipline:255,parameterCategory:255,parameterNumber:255
name:FMV_TEB,typeOfFirstFixedSurface:1,discipline:255,parameterCategory:255,parameterNumber:255
name:T2M_TEB,typeOfFirstFixedSurface:103,level:2,discipline:255,parameterCategory:255,parameterNumber:255
name:Q2M_TEB,typeOfFirstFixedSurface:103,level:2,discipline:255,parameterCategory:255,parameterNumber:255
name:HU2M_TEB,typeOfFirstFixedSurface:103,level:2,discipline:255,parameterCategory:255,parameterNumber:255
name:ZON10M_TEB,typeOfFirstFixedSurface:103,level:10,discipline:255,parameterCategory:255,parameterNumber:255
name:MER10M_TEB,typeOfFirstFixedSurface:103,level:10,discipline:255,parameterCategory:255,parameterNumber:255
name:XTI_BLD,typeOfFirstFixedSurface:1,discipline:255,parameterCategory:255,parameterNumber:255
name:RI,typeOfFirstFixedSurface:1,discipline:255,parameterCategory:255,parameterNumber:255
name:TS,typeOfFirstFixedSurface:1,discipline:255,parameterCategory:255,parameterNumber:255
name:TSRAD,typeOfFirstFixedSurface:1,discipline:255,parameterCategory:255,parameterNumber:255
name:EMIS,typeOfFirstFixedSurface:1,discipline:255,parameterCategory:255,parameterNumber:255
name:T2MMIN,typeOfFirstFixedSurface:103,level:2,discipline:255,parameterCategory:255,parameterNumber:255
name:T2MMAX,typeOfFirstFixedSurface:103,level:2,discipline:255,parameterCategory:255,parameterNumber:255
name:HU2MMIN,typeOfFirstFixedSurface:103,level:2,discipline:255,parameterCategory:255,parameterNumber:255
name:HU2MMAX,typeOfFirstFixedSurface:103,level:2,discipline:255,parameterCategory:255,parameterNumber:255
name:W10M,typeOfFirstFixedSurface:103,level:10,discipline:255,parameterCategory:255,parameterNumber:255
name:W10MMAX,typeOfFirstFixedSurface:103,level:10,discipline:255,parameterCategory:255,parameterNumber:255
name:RN,typeOfFirstFixedSurface:1,discipline:255,parameterCategory:255,parameterNumber:255
name:H,typeOfFirstFixedSurface:1,discipline:255,parameterCategory:255,parameterNumber:255
name:LE,typeOfFirstFixedSurface:1,discipline:255,parameterCategory:255,parameterNumber:255
name:LEI,typeOfFirstFixedSurface:1,discipline:255,parameterCategory:255,parameterNumber:255
name:GFLUX,typeOfFirstFixedSurface:1,discipline:255,parameterCategory:255,parameterNumber:255
name:FMU,typeOfFirstFixedSurface:1,discipline:255,parameterCategory:255,parameterNumber:255
name:FMV,typeOfFirstFixedSurface:1,discipline:255,parameterCategory:255,parameterNumber:255
name:FMUNOSSO,typeOfFirstFixedSurface:1,discipline:255,parameterCategory:255,parameterNumber:255
name:FMVNOSSO,typeOfFirstFixedSurface:1,discipline:255,parameterCategory:255,parameterNumber:255
name:HU2M_WAT,typeOfFirstFixedSurface:103,level:2,discipline:255,parameterCategory:255,parameterNumber:255
name:FRAC_SEA,typeOfFirstFixedSurface:1,discipline:255,parameterCategory:255,parameterNumber:255
name:FRAC_NATURE,typeOfFirstFixedSurface:1,discipline:255,parameterCategory:255,parameterNumber:255
name:FRAC_WATER,typeOfFirstFixedSurface:1,discipline:255,parameterCategory:255,parameterNumber:255
name:FRAC_TOWN,typeOfFirstFixedSurface:1,discipline:255,parameterCategory:255,parameterNumber:255
name:FLALWD,typeOfFirstFixedSurface:1,discipline:255,parameterCategory:255,parameterNumber:255
name:ZENITH,typeOfFirstFixedSurface:1,discipline:255,parameterCategory:255,parameterNumber:255
name:AZIM,typeOfFirstFixedSurface:1,discipline:255,parameterCategory:255,parameterNumber:255
name:INPRC,typeOfFirstFixedSurface:1,discipline:0,parameterCategory:1,parameterNumber:255
name:ACPRC,typeOfFirstFixedSurface:1,discipline:0,parameterCategory:1,parameterNumber:255
name:INPRT,typeOfFirstFixedSurface:1,discipline:0,parameterCategory:1,parameterNumber:255
name:ACPRT,typeOfFirstFixedSurface:1,discipline:0,parameterCategory:1,parameterNumber:255
name:EMIS_CO2,typeOfFirstFixedSurface:1,discipline:255,parameterCategory:255,parameterNumber:255
name:EMIS_CO,typeOfFirstFixedSurface:1,discipline:255,parameterCategory:255,parameterNumber:255
name:SSO_CAN_Z01,typeOfFirstFixedSurface:255,level:1,discipline:0,parameterCategory:3,parameterNumber:255
name:SSO_CAN_Z02,typeOfFirstFixedSurface:255,level:2,discipline:0,parameterCategory:3,parameterNumber:255
name:SSO_CAN_Z03,typeOfFirstFixedSurface:255,level:3,discipline:0,parameterCategory:3,parameterNumber:255
name:SSO_CAN_Z04,typeOfFirstFixedSurface:255,level:4,discipline:0,parameterCategory:3,parameterNumber:255
name:SSO_CAN_Z05,typeOfFirstFixedSurface:255,level:5,discipline:0,parameterCategory:3,parameterNumber:255
name:SSO_CAN_Z06,typeOfFirstFixedSurface:255,level:6,discipline:0,parameterCategory:3,parameterNumber:255
name:SSO_CAN_U01,typeOfFirstFixedSurface:255,level:1,discipline:0,parameterCategory:2,parameterNumber:1
name:SSO_CAN_U02,typeOfFirstFixedSurface:255,level:2,discipline:0,parameterCategory:2,parameterNumber:1
name:SSO_CAN_U03,typeOfFirstFixedSurface:255,level:3,discipline:0,parameterCategory:2,parameterNumber:1
name:SSO_CAN_U04,typeOfFirstFixedSurface:255,level:4,discipline:0,parameterCategory:2,parameterNumber:1
name:SSO_CAN_U05,typeOfFirstFixedSurface:255,level:5,discipline:0,parameterCategory:2,parameterNumber:1
name:SSO_CAN_U06,typeOfFirstFixedSurface:255,level:6,discipline:0,parameterCategory:2,parameterNumber:1
name:SSO_CAN_E01,typeOfFirstFixedSurface:255,level:1,discipline:0,parameterCategory:19,parameterNumber:11
name:SSO_CAN_E02,typeOfFirstFixedSurface:255,level:2,discipline:0,parameterCategory:19,parameterNumber:11
name:SSO_CAN_E03,typeOfFirstFixedSurface:255,level:3,discipline:0,parameterCategory:19,parameterNumber:11
name:SSO_CAN_E04,typeOfFirstFixedSurface:255,level:4,discipline:0,parameterCategory:19,parameterNumber:11
name:SSO_CAN_E05,typeOfFirstFixedSurface:255,level:5,discipline:0,parameterCategory:19,parameterNumber:11
name:SSO_CAN_E06,typeOfFirstFixedSurface:255,level:6,discipline:0,parameterCategory:19,parameterNumber:11
name:COVER002,typeOfFirstFixedSurface:1,discipline:255,parameterCategory:255,parameterNumber:255
name:COVER003,typeOfFirstFixedSurface:1,discipline:255,parameterCategory:255,parameterNumber:255
name:COVER004,typeOfFirstFixedSurface:1,discipline:255,parameterCategory:255,parameterNumber:255
name:COVER005,typeOfFirstFixedSurface:1,discipline:255,parameterCategory:255,parameterNumber:255
name:COVER006,typeOfFirstFixedSurface:1,discipline:255,parameterCategory:255,parameterNumber:255
name:COVER007,typeOfFirstFixedSurface:1,discipline:255,parameterCategory:255,parameterNumber:255
name:COVER008,typeOfFirstFixedSurface:1,discipline:255,parameterCategory:255,parameterNumber:255
name:COVER009,typeOfFirstFixedSurface:1,discipline:255,parameterCategory:255,parameterNumber:255
name:COVER010,typeOfFirstFixedSurface:1,discipline:255,parameterCategory:255,parameterNumber:255
name:COVER011,typeOfFirstFixedSurface:1,discipline:255,parameterCategory:255,parameterNumber:255
name:COVER012,typeOfFirstFixedSurface:1,discipline:255,parameterCategory:255,parameterNumber:255
name:COVER013,typeOfFirstFixedSurface:1,discipline:255,parameterCategory:255,parameterNumber:255
name:COVER014,typeOfFirstFixedSurface:1,discipline:255,parameterCategory:255,parameterNumber:255
name:COVER015,typeOfFirstFixedSurface:1,discipline:255,parameterCategory:255,parameterNumber:255
name:COVER016,typeOfFirstFixedSurface:1,discipline:255,parameterCategory:255,parameterNumber:255
name:COVER017,typeOfFirstFixedSurface:1,discipline:255,parameterCategory:255,parameterNumber:255
name:COVER018,typeOfFirstFixedSurface:1,discipline:255,parameterCategory:255,parameterNumber:255
name:COVER019,typeOfFirstFixedSurface:1,discipline:255,parameterCategory:255,parameterNumber:255
name:COVER020,typeOfFirstFixedSurface:1,discipline:255,parameterCategory:255,parameterNumber:255
name:COVER021,typeOfFirstFixedSurface:1,discipline:255,parameterCategory:255,parameterNumber:255
name:COVER022,typeOfFirstFixedSurface:1,discipline:255,parameterCategory:255,parameterNumber:255
name:COVER023,typeOfFirstFixedSurface:1,discipline:255,parameterCategory:255,parameterNumber:255
name:COVER024,typeOfFirstFixedSurface:1,discipline:255,parameterCategory:255,parameterNumber:255
name:COVER025,typeOfFirstFixedSurface:1,discipline:255,parameterCategory:255,parameterNumber:255
name:COVER026,typeOfFirstFixedSurface:1,discipline:255,parameterCategory:255,parameterNumber:255
name:COVER027,typeOfFirstFixedSurface:1,discipline:255,parameterCategory:255,parameterNumber:255
name:COVER028,typeOfFirstFixedSurface:1,discipline:255,parameterCategory:255,parameterNumber:255
name:COVER029,typeOfFirstFixedSurface:1,discipline:255,parameterCategory:255,parameterNumber:255
name:COVER030,typeOfFirstFixedSurface:1,discipline:255,parameterCategory:255,parameterNumber:255
name:COVER031,typeOfFirstFixedSurface:1,discipline:255,parameterCategory:255,parameterNumber:255
name:COVER032,typeOfFirstFixedSurface:1,discipline:255,parameterCategory:255,parameterNumber:255
name:COVER033,typeOfFirstFixedSurface:1,discipline:255,parameterCategory:255,parameterNumber:255
name:COVER034,typeOfFirstFixedSurface:1,discipline:255,parameterCategory:255,parameterNumber:255
name:COVER035,typeOfFirstFixedSurface:1,discipline:255,parameterCategory:255,parameterNumber:255
name:COVER036,typeOfFirstFixedSurface:1,discipline:255,parameterCategory:255,parameterNumber:255
name:COVER037,typeOfFirstFixedSurface:1,discipline:255,parameterCategory:255,parameterNumber:255
name:COVER038,typeOfFirstFixedSurface:1,discipline:255,parameterCategory:255,parameterNumber:255
name:COVER039,typeOfFirstFixedSurface:1,discipline:255,parameterCategory:255,parameterNumber:255
name:COVER040,typeOfFirstFixedSurface:1,discipline:255,parameterCategory:255,parameterNumber:255
name:COVER041,typeOfFirstFixedSurface:1,discipline:255,parameterCategory:255,parameterNumber:255
name:COVER042,typeOfFirstFixedSurface:1,discipline:255,parameterCategory:255,parameterNumber:255
name:COVER043,typeOfFirstFixedSurface:1,discipline:255,parameterCategory:255,parameterNumber:255
name:COVER044,typeOfFirstFixedSurface:1,discipline:255,parameterCategory:255,parameterNumber:255
name:COVER045,typeOfFirstFixedSurface:1,discipline:255,parameterCategory:255,parameterNumber:255
name:COVER046,typeOfFirstFixedSurface:1,discipline:255,parameterCategory:255,parameterNumber:255
name:COVER047,typeOfFirstFixedSurface:1,discipline:255,parameterCategory:255,parameterNumber:255
name:COVER048,typeOfFirstFixedSurface:1,discipline:255,parameterCategory:255,parameterNumber:255
name:COVER049,typeOfFirstFixedSurface:1,discipline:255,parameterCategory:255,parameterNumber:255
name:COVER050,typeOfFirstFixedSurface:1,discipline:255,parameterCategory:255,parameterNumber:255
name:COVER051,typeOfFirstFixedSurface:1,discipline:255,parameterCategory:255,parameterNumber:255
name:COVER052,typeOfFirstFixedSurface:1,discipline:255,parameterCategory:255,parameterNumber:255
name:COVER053,typeOfFirstFixedSurface:1,discipline:255,parameterCategory:255,parameterNumber:255
name:COVER054,typeOfFirstFixedSurface:1,discipline:255,parameterCategory:255,parameterNumber:255
name:COVER055,typeOfFirstFixedSurface:1,discipline:255,parameterCategory:255,parameterNumber:255
name:COVER056,typeOfFirstFixedSurface:1,discipline:255,parameterCategory:255,parameterNumber:255
name:COVER057,typeOfFirstFixedSurface:1,discipline:255,parameterCategory:255,parameterNumber:255
name:COVER058,typeOfFirstFixedSurface:1,discipline:255,parameterCategory:255,parameterNumber:255
name:COVER059,typeOfFirstFixedSurface:1,discipline:255,parameterCategory:255,parameterNumber:255
name:COVER060,typeOfFirstFixedSurface:1,discipline:255,parameterCategory:255,parameterNumber:255
name:COVER061,typeOfFirstFixedSurface:1,discipline:255,parameterCategory:255,parameterNumber:255
name:COVER062,typeOfFirstFixedSurface:1,discipline:255,parameterCategory:255,parameterNumber:255
name:COVER063,typeOfFirstFixedSurface:1,discipline:255,parameterCategory:255,parameterNumber:255
name:COVER064,typeOfFirstFixedSurface:1,discipline:255,parameterCategory:255,parameterNumber:255
name:COVER065,typeOfFirstFixedSurface:1,discipline:255,parameterCategory:255,parameterNumber:255
name:COVER066,typeOfFirstFixedSurface:1,discipline:255,parameterCategory:255,parameterNumber:255
name:COVER067,typeOfFirstFixedSurface:1,discipline:255,parameterCategory:255,parameterNumber:255
name:COVER068,typeOfFirstFixedSurface:1,discipline:255,parameterCategory:255,parameterNumber:255
name:COVER069,typeOfFirstFixedSurface:1,discipline:255,parameterCategory:255,parameterNumber:255
name:COVER070,typeOfFirstFixedSurface:1,discipline:255,parameterCategory:255,parameterNumber:255
name:COVER071,typeOfFirstFixedSurface:1,discipline:255,parameterCategory:255,parameterNumber:255
name:COVER072,typeOfFirstFixedSurface:1,discipline:255,parameterCategory:255,parameterNumber:255
name:COVER073,typeOfFirstFixedSurface:1,discipline:255,parameterCategory:255,parameterNumber:255
name:COVER074,typeOfFirstFixedSurface:1,discipline:255,parameterCategory:255,parameterNumber:255
name:COVER075,typeOfFirstFixedSurface:1,discipline:255,parameterCategory:255,parameterNumber:255
name:COVER076,typeOfFirstFixedSurface:1,discipline:255,parameterCategory:255,parameterNumber:255
name:COVER077,typeOfFirstFixedSurface:1,discipline:255,parameterCategory:255,parameterNumber:255
name:COVER078,typeOfFirstFixedSurface:1,discipline:255,parameterCategory:255,parameterNumber:255
name:COVER079,typeOfFirstFixedSurface:1,discipline:255,parameterCategory:255,parameterNumber:255
name:COVER080,typeOfFirstFixedSurface:1,discipline:255,parameterCategory:255,parameterNumber:255
name:COVER081,typeOfFirstFixedSurface:1,discipline:255,parameterCategory:255,parameterNumber:255
name:COVER082,typeOfFirstFixedSurface:1,discipline:255,parameterCategory:255,parameterNumber:255
name:COVER083,typeOfFirstFixedSurface:1,discipline:255,parameterCategory:255,parameterNumber:255
name:COVER084,typeOfFirstFixedSurface:1,discipline:255,parameterCategory:255,parameterNumber:255
name:COVER085,typeOfFirstFixedSurface:1,discipline:255,parameterCategory:255,parameterNumber:255
name:COVER086,typeOfFirstFixedSurface:1,discipline:255,parameterCategory:255,parameterNumber:255
name:COVER087,typeOfFirstFixedSurface:1,discipline:255,parameterCategory:255,parameterNumber:255
name:COVER088,typeOfFirstFixedSurface:1,discipline:255,parameterCategory:255,parameterNumber:255
name:COVER089,typeOfFirstFixedSurface:1,discipline:255,parameterCategory:255,parameterNumber:255
name:COVER090,typeOfFirstFixedSurface:1,discipline:255,parameterCategory:255,parameterNumber:255
name:COVER091,typeOfFirstFixedSurface:1,discipline:255,parameterCategory:255,parameterNumber:255
name:COVER092,typeOfFirstFixedSurface:1,discipline:255,parameterCategory:255,parameterNumber:255
name:COVER093,typeOfFirstFixedSurface:1,discipline:255,parameterCategory:255,parameterNumber:255
name:COVER094,typeOfFirstFixedSurface:1,discipline:255,parameterCategory:255,parameterNumber:255
name:COVER095,typeOfFirstFixedSurface:1,discipline:255,parameterCategory:255,parameterNumber:255
name:COVER096,typeOfFirstFixedSurface:1,discipline:255,parameterCategory:255,parameterNumber:255
name:COVER097,typeOfFirstFixedSurface:1,discipline:255,parameterCategory:255,parameterNumber:255
name:COVER098,typeOfFirstFixedSurface:1,discipline:255,parameterCategory:255,parameterNumber:255
name:COVER099,typeOfFirstFixedSurface:1,discipline:255,parameterCategory:255,parameterNumber:255
name:COVER100,typeOfFirstFixedSurface:1,discipline:255,parameterCategory:255,parameterNumber:255
name:COVER101,typeOfFirstFixedSurface:1,discipline:255,parameterCategory:255,parameterNumber:255
name:COVER102,typeOfFirstFixedSurface:1,discipline:255,parameterCategory:255,parameterNumber:255
name:COVER103,typeOfFirstFixedSurface:1,discipline:255,parameterCategory:255,parameterNumber:255
name:COVER104,typeOfFirstFixedSurface:1,discipline:255,parameterCategory:255,parameterNumber:255
name:COVER105,typeOfFirstFixedSurface:1,discipline:255,parameterCategory:255,parameterNumber:255
name:COVER106,typeOfFirstFixedSurface:1,discipline:255,parameterCategory:255,parameterNumber:255
name:COVER107,typeOfFirstFixedSurface:1,discipline:255,parameterCategory:255,parameterNumber:255
name:COVER108,typeOfFirstFixedSurface:1,discipline:255,parameterCategory:255,parameterNumber:255
name:COVER109,typeOfFirstFixedSurface:1,discipline:255,parameterCategory:255,parameterNumber:255
name:COVER110,typeOfFirstFixedSurface:1,discipline:255,parameterCategory:255,parameterNumber:255
name:COVER111,typeOfFirstFixedSurface:1,discipline:255,parameterCategory:255,parameterNumber:255
name:COVER112,typeOfFirstFixedSurface:1,discipline:255,parameterCategory:255,parameterNumber:255
name:COVER113,typeOfFirstFixedSurface:1,discipline:255,parameterCategory:255,parameterNumber:255
name:COVER114,typeOfFirstFixedSurface:1,discipline:255,parameterCategory:255,parameterNumber:255
name:COVER115,typeOfFirstFixedSurface:1,discipline:255,parameterCategory:255,parameterNumber:255
name:COVER116,typeOfFirstFixedSurface:1,discipline:255,parameterCategory:255,parameterNumber:255
name:COVER117,typeOfFirstFixedSurface:1,discipline:255,parameterCategory:255,parameterNumber:255
name:COVER118,typeOfFirstFixedSurface:1,discipline:255,parameterCategory:255,parameterNumber:255
name:COVER119,typeOfFirstFixedSurface:1,discipline:255,parameterCategory:255,parameterNumber:255
name:COVER120,typeOfFirstFixedSurface:1,discipline:255,parameterCategory:255,parameterNumber:255
name:COVER121,typeOfFirstFixedSurface:1,discipline:255,parameterCategory:255,parameterNumber:255
name:COVER122,typeOfFirstFixedSurface:1,discipline:255,parameterCategory:255,parameterNumber:255
name:COVER123,typeOfFirstFixedSurface:1,discipline:255,parameterCategory:255,parameterNumber:255
name:COVER124,typeOfFirstFixedSurface:1,discipline:255,parameterCategory:255,parameterNumber:255
name:COVER125,typeOfFirstFixedSurface:1,discipline:255,parameterCategory:255,parameterNumber:255
name:COVER126,typeOfFirstFixedSurface:1,discipline:255,parameterCategory:255,parameterNumber:255
name:COVER127,typeOfFirstFixedSurface:1,discipline:255,parameterCategory:255,parameterNumber:255
name:COVER128,typeOfFirstFixedSurface:1,discipline:255,parameterCategory:255,parameterNumber:255
name:COVER129,typeOfFirstFixedSurface:1,discipline:255,parameterCategory:255,parameterNumber:255
name:COVER130,typeOfFirstFixedSurface:1,discipline:255,parameterCategory:255,parameterNumber:255
name:COVER131,typeOfFirstFixedSurface:1,discipline:255,parameterCategory:255,parameterNumber:255
name:COVER132,typeOfFirstFixedSurface:1,discipline:255,parameterCategory:255,parameterNumber:255
name:COVER133,typeOfFirstFixedSurface:1,discipline:255,parameterCategory:255,parameterNumber:255
name:COVER134,typeOfFirstFixedSurface:1,discipline:255,parameterCategory:255,parameterNumber:255
name:COVER135,typeOfFirstFixedSurface:1,discipline:255,parameterCategory:255,parameterNumber:255
name:COVER136,typeOfFirstFixedSurface:1,discipline:255,parameterCategory:255,parameterNumber:255
name:COVER137,typeOfFirstFixedSurface:1,discipline:255,parameterCategory:255,parameterNumber:255
name:COVER138,typeOfFirstFixedSurface:1,discipline:255,parameterCategory:255,parameterNumber:255
name:COVER139,typeOfFirstFixedSurface:1,discipline:255,parameterCategory:255,parameterNumber:255
name:COVER140,typeOfFirstFixedSurface:1,discipline:255,parameterCategory:255,parameterNumber:255
name:COVER141,typeOfFirstFixedSurface:1,discipline:255,parameterCategory:255,parameterNumber:255
name:COVER142,typeOfFirstFixedSurface:1,discipline:255,parameterCategory:255,parameterNumber:255
name:COVER143,typeOfFirstFixedSurface:1,discipline:255,parameterCategory:255,parameterNumber:255
name:COVER144,typeOfFirstFixedSurface:1,discipline:255,parameterCategory:255,parameterNumber:255
name:COVER145,typeOfFirstFixedSurface:1,discipline:255,parameterCategory:255,parameterNumber:255
name:COVER146,typeOfFirstFixedSurface:1,discipline:255,parameterCategory:255,parameterNumber:255
name:COVER147,typeOfFirstFixedSurface:1,discipline:255,parameterCategory:255,parameterNumber:255
name:COVER148,typeOfFirstFixedSurface:1,discipline:255,parameterCategory:255,parameterNumber:255
name:COVER149,typeOfFirstFixedSurface:1,discipline:255,parameterCategory:255,parameterNumber:255
name:COVER150,typeOfFirstFixedSurface:1,discipline:255,parameterCategory:255,parameterNumber:255
name:COVER151,typeOfFirstFixedSurface:1,discipline:255,parameterCategory:255,parameterNumber:255
name:COVER152,typeOfFirstFixedSurface:1,discipline:255,parameterCategory:255,parameterNumber:255
name:COVER153,typeOfFirstFixedSurface:1,discipline:255,parameterCategory:255,parameterNumber:255
name:COVER154,typeOfFirstFixedSurface:1,discipline:255,parameterCategory:255,parameterNumber:255
name:COVER155,typeOfFirstFixedSurface:1,discipline:255,parameterCategory:255,parameterNumber:255
name:COVER156,typeOfFirstFixedSurface:1,discipline:255,parameterCategory:255,parameterNumber:255
name:COVER157,typeOfFirstFixedSurface:1,discipline:255,parameterCategory:255,parameterNumber:255
name:COVER158,typeOfFirstFixedSurface:1,discipline:255,parameterCategory:255,parameterNumber:255
name:COVER159,typeOfFirstFixedSurface:1,discipline:255,parameterCategory:255,parameterNumber:255
name:COVER160,typeOfFirstFixedSurface:1,discipline:255,parameterCategory:255,parameterNumber:255
name:COVER161,typeOfFirstFixedSurface:1,discipline:255,parameterCategory:255,parameterNumber:255
name:COVER162,typeOfFirstFixedSurface:1,discipline:255,parameterCategory:255,parameterNumber:255
name:COVER163,typeOfFirstFixedSurface:1,discipline:255,parameterCategory:255,parameterNumber:255
name:COVER164,typeOfFirstFixedSurface:1,discipline:255,parameterCategory:255,parameterNumber:255
name:COVER165,typeOfFirstFixedSurface:1,discipline:255,parameterCategory:255,parameterNumber:255
name:COVER166,typeOfFirstFixedSurface:1,discipline:255,parameterCategory:255,parameterNumber:255
name:COVER167,typeOfFirstFixedSurface:1,discipline:255,parameterCategory:255,parameterNumber:255
name:COVER168,typeOfFirstFixedSurface:1,discipline:255,parameterCategory:255,parameterNumber:255
name:COVER169,typeOfFirstFixedSurface:1,discipline:255,parameterCategory:255,parameterNumber:255
name:COVER170,typeOfFirstFixedSurface:1,discipline:255,parameterCategory:255,parameterNumber:255
name:COVER171,typeOfFirstFixedSurface:1,discipline:255,parameterCategory:255,parameterNumber:255
name:COVER172,typeOfFirstFixedSurface:1,discipline:255,parameterCategory:255,parameterNumber:255
name:COVER173,typeOfFirstFixedSurface:1,discipline:255,parameterCategory:255,parameterNumber:255
name:COVER174,typeOfFirstFixedSurface:1,discipline:255,parameterCategory:255,parameterNumber:255
name:COVER175,typeOfFirstFixedSurface:1,discipline:255,parameterCategory:255,parameterNumber:255
name:COVER176,typeOfFirstFixedSurface:1,discipline:255,parameterCategory:255,parameterNumber:255
name:COVER177,typeOfFirstFixedSurface:1,discipline:255,parameterCategory:255,parameterNumber:255
name:COVER178,typeOfFirstFixedSurface:1,discipline:255,parameterCategory:255,parameterNumber:255
name:COVER179,typeOfFirstFixedSurface:1,discipline:255,parameterCategory:255,parameterNumber:255
name:COVER180,typeOfFirstFixedSurface:1,discipline:255,parameterCategory:255,parameterNumber:255
name:COVER181,typeOfFirstFixedSurface:1,discipline:255,parameterCategory:255,parameterNumber:255
name:COVER182,typeOfFirstFixedSurface:1,discipline:255,parameterCategory:255,parameterNumber:255
name:COVER183,typeOfFirstFixedSurface:1,discipline:255,parameterCategory:255,parameterNumber:255
name:COVER184,typeOfFirstFixedSurface:1,discipline:255,parameterCategory:255,parameterNumber:255
name:COVER185,typeOfFirstFixedSurface:1,discipline:255,parameterCategory:255,parameterNumber:255
name:COVER186,typeOfFirstFixedSurface:1,discipline:255,parameterCategory:255,parameterNumber:255
name:COVER187,typeOfFirstFixedSurface:1,discipline:255,parameterCategory:255,parameterNumber:255
name:COVER188,typeOfFirstFixedSurface:1,discipline:255,parameterCategory:255,parameterNumber:255
name:COVER189,typeOfFirstFixedSurface:1,discipline:255,parameterCategory:255,parameterNumber:255
name:COVER190,typeOfFirstFixedSurface:1,discipline:255,parameterCategory:255,parameterNumber:255
name:COVER191,typeOfFirstFixedSurface:1,discipline:255,parameterCategory:255,parameterNumber:255
name:COVER192,typeOfFirstFixedSurface:1,discipline:255,parameterCategory:255,parameterNumber:255
name:COVER193,typeOfFirstFixedSurface:1,discipline:255,parameterCategory:255,parameterNumber:255
name:COVER194,typeOfFirstFixedSurface:1,discipline:255,parameterCategory:255,parameterNumber:255
name:COVER195,typeOfFirstFixedSurface:1,discipline:255,parameterCategory:255,parameterNumber:255
name:COVER196,typeOfFirstFixedSurface:1,discipline:255,parameterCategory:255,parameterNumber:255
name:COVER197,typeOfFirstFixedSurface:1,discipline:255,parameterCategory:255,parameterNumber:255
name:COVER198,typeOfFirstFixedSurface:1,discipline:255,parameterCategory:255,parameterNumber:255
name:COVER199,typeOfFirstFixedSurface:1,discipline:255,parameterCategory:255,parameterNumber:255
name:COVER200,typeOfFirstFixedSurface:1,discipline:255,parameterCategory:255,parameterNumber:255
name:COVER201,typeOfFirstFixedSurface:1,discipline:255,parameterCategory:255,parameterNumber:255
name:COVER202,typeOfFirstFixedSurface:1,discipline:255,parameterCategory:255,parameterNumber:255
name:COVER203,typeOfFirstFixedSurface:1,discipline:255,parameterCategory:255,parameterNumber:255
name:COVER204,typeOfFirstFixedSurface:1,discipline:255,parameterCategory:255,parameterNumber:255
name:COVER205,typeOfFirstFixedSurface:1,discipline:255,parameterCategory:255,parameterNumber:255
name:COVER206,typeOfFirstFixedSurface:1,discipline:255,parameterCategory:255,parameterNumber:255
name:COVER207,typeOfFirstFixedSurface:1,discipline:255,parameterCategory:255,parameterNumber:255
name:COVER208,typeOfFirstFixedSurface:1,discipline:255,parameterCategory:255,parameterNumber:255
name:COVER209,typeOfFirstFixedSurface:1,discipline:255,parameterCategory:255,parameterNumber:255
name:COVER210,typeOfFirstFixedSurface:1,discipline:255,parameterCategory:255,parameterNumber:255
name:COVER211,typeOfFirstFixedSurface:1,discipline:255,parameterCategory:255,parameterNumber:255
name:COVER212,typeOfFirstFixedSurface:1,discipline:255,parameterCategory:255,parameterNumber:255
name:COVER213,typeOfFirstFixedSurface:1,discipline:255,parameterCategory:255,parameterNumber:255
name:COVER214,typeOfFirstFixedSurface:1,discipline:255,parameterCategory:255,parameterNumber:255
name:COVER215,typeOfFirstFixedSurface:1,discipline:255,parameterCategory:255,parameterNumber:255
name:COVER216,typeOfFirstFixedSurface:1,discipline:255,parameterCategory:255,parameterNumber:255
name:COVER217,typeOfFirstFixedSurface:1,discipline:255,parameterCategory:255,parameterNumber:255
name:COVER218,typeOfFirstFixedSurface:1,discipline:255,parameterCategory:255,parameterNumber:255
name:COVER219,typeOfFirstFixedSurface:1,discipline:255,parameterCategory:255,parameterNumber:255
name:COVER220,typeOfFirstFixedSurface:1,discipline:255,parameterCategory:255,parameterNumber:255
name:COVER221,typeOfFirstFixedSurface:1,discipline:255,parameterCategory:255,parameterNumber:255
name:COVER222,typeOfFirstFixedSurface:1,discipline:255,parameterCategory:255,parameterNumber:255
name:COVER223,typeOfFirstFixedSurface:1,discipline:255,parameterCategory:255,parameterNumber:255
name:COVER224,typeOfFirstFixedSurface:1,discipline:255,parameterCategory:255,parameterNumber:255
name:COVER225,typeOfFirstFixedSurface:1,discipline:255,parameterCategory:255,parameterNumber:255
name:COVER226,typeOfFirstFixedSurface:1,discipline:255,parameterCategory:255,parameterNumber:255
name:COVER227,typeOfFirstFixedSurface:1,discipline:255,parameterCategory:255,parameterNumber:255
name:COVER228,typeOfFirstFixedSurface:1,discipline:255,parameterCategory:255,parameterNumber:255
name:COVER229,typeOfFirstFixedSurface:1,discipline:255,parameterCategory:255,parameterNumber:255
name:COVER230,typeOfFirstFixedSurface:1,discipline:255,parameterCategory:255,parameterNumber:255
name:COVER231,typeOfFirstFixedSurface:1,discipline:255,parameterCategory:255,parameterNumber:255
name:COVER232,typeOfFirstFixedSurface:1,discipline:255,parameterCategory:255,parameterNumber:255
name:COVER233,typeOfFirstFixedSurface:1,discipline:255,parameterCategory:255,parameterNumber:255
name:COVER234,typeOfFirstFixedSurface:1,discipline:255,parameterCategory:255,parameterNumber:255
name:COVER235,typeOfFirstFixedSurface:1,discipline:255,parameterCategory:255,parameterNumber:255
name:COVER236,typeOfFirstFixedSurface:1,discipline:255,parameterCategory:255,parameterNumber:255
name:COVER237,typeOfFirstFixedSurface:1,discipline:255,parameterCategory:255,parameterNumber:255
name:COVER238,typeOfFirstFixedSurface:1,discipline:255,parameterCategory:255,parameterNumber:255
name:COVER239,typeOfFirstFixedSurface:1,discipline:255,parameterCategory:255,parameterNumber:255
name:COVER240,typeOfFirstFixedSurface:1,discipline:255,parameterCategory:255,parameterNumber:255
name:COVER241,typeOfFirstFixedSurface:1,discipline:255,parameterCategory:255,parameterNumber:255
name:COVER242,typeOfFirstFixedSurface:1,discipline:255,parameterCategory:255,parameterNumber:255
name:COVER243,typeOfFirstFixedSurface:1,discipline:255,parameterCategory:255,parameterNumber:255
name:COVER244,typeOfFirstFixedSurface:1,discipline:255,parameterCategory:255,parameterNumber:255
name:COVER245,typeOfFirstFixedSurface:1,discipline:255,parameterCategory:255,parameterNumber:255
name:COVER246,typeOfFirstFixedSurface:1,discipline:255,parameterCategory:255,parameterNumber:255
name:COVER247,typeOfFirstFixedSurface:1,discipline:255,parameterCategory:255,parameterNumber:255
name:COVER248,typeOfFirstFixedSurface:1,discipline:255,parameterCategory:255,parameterNumber:255
name:COVER249,typeOfFirstFixedSurface:1,discipline:255,parameterCategory:255,parameterNumber:255
name:COVER250,typeOfFirstFixedSurface:1,discipline:255,parameterCategory:255,parameterNumber:255
name:COVER251,typeOfFirstFixedSurface:1,discipline:255,parameterCategory:255,parameterNumber:255
name:COVER252,typeOfFirstFixedSurface:1,discipline:255,parameterCategory:255,parameterNumber:255
name:COVER253,typeOfFirstFixedSurface:1,discipline:255,parameterCategory:255,parameterNumber:255
name:COVER254,typeOfFirstFixedSurface:1,discipline:255,parameterCategory:255,parameterNumber:255
name:COVER255,typeOfFirstFixedSurface:1,discipline:255,parameterCategory:255,parameterNumber:255
name:COVER256,typeOfFirstFixedSurface:1,discipline:255,parameterCategory:255,parameterNumber:255
name:COVER257,typeOfFirstFixedSurface:1,discipline:255,parameterCategory:255,parameterNumber:255
name:COVER258,typeOfFirstFixedSurface:1,discipline:255,parameterCategory:255,parameterNumber:255
name:COVER259,typeOfFirstFixedSurface:1,discipline:255,parameterCategory:255,parameterNumber:255
name:COVER260,typeOfFirstFixedSurface:1,discipline:255,parameterCategory:255,parameterNumber:255
name:COVER261,typeOfFirstFixedSurface:1,discipline:255,parameterCategory:255,parameterNumber:255
name:COVER262,typeOfFirstFixedSurface:1,discipline:255,parameterCategory:255,parameterNumber:255
name:COVER263,typeOfFirstFixedSurface:1,discipline:255,parameterCategory:255,parameterNumber:255
name:COVER264,typeOfFirstFixedSurface:1,discipline:255,parameterCategory:255,parameterNumber:255
name:COVER265,typeOfFirstFixedSurface:1,discipline:255,parameterCategory:255,parameterNumber:255
name:COVER266,typeOfFirstFixedSurface:1,discipline:255,parameterCategory:255,parameterNumber:255
name:COVER267,typeOfFirstFixedSurface:1,discipline:255,parameterCategory:255,parameterNumber:255
name:COVER268,typeOfFirstFixedSurface:1,discipline:255,parameterCategory:255,parameterNumber:255
name:COVER269,typeOfFirstFixedSurface:1,discipline:255,parameterCategory:255,parameterNumber:255
name:COVER270,typeOfFirstFixedSurface:1,discipline:255,parameterCategory:255,parameterNumber:255
name:COVER271,typeOfFirstFixedSurface:1,discipline:255,parameterCategory:255,parameterNumber:255
name:COVER272,typeOfFirstFixedSurface:1,discipline:255,parameterCategory:255,parameterNumber:255
name:COVER273,typeOfFirstFixedSurface:1,discipline:255,parameterCategory:255,parameterNumber:255
name:COVER274,typeOfFirstFixedSurface:1,discipline:255,parameterCategory:255,parameterNumber:255
name:COVER275,typeOfFirstFixedSurface:1,discipline:255,parameterCategory:255,parameterNumber:255
name:COVER276,typeOfFirstFixedSurface:1,discipline:255,parameterCategory:255,parameterNumber:255
name:COVER277,typeOfFirstFixedSurface:1,discipline:255,parameterCategory:255,parameterNumber:255
name:COVER278,typeOfFirstFixedSurface:1,discipline:255,parameterCategory:255,parameterNumber:255
name:COVER279,typeOfFirstFixedSurface:1,discipline:255,parameterCategory:255,parameterNumber:255
name:COVER280,typeOfFirstFixedSurface:1,discipline:255,parameterCategory:255,parameterNumber:255
name:COVER281,typeOfFirstFixedSurface:1,discipline:255,parameterCategory:255,parameterNumber:255
name:COVER282,typeOfFirstFixedSurface:1,discipline:255,parameterCategory:255,parameterNumber:255
name:COVER283,typeOfFirstFixedSurface:1,discipline:255,parameterCategory:255,parameterNumber:255
name:COVER284,typeOfFirstFixedSurface:1,discipline:255,parameterCategory:255,parameterNumber:255
name:COVER285,typeOfFirstFixedSurface:1,discipline:255,parameterCategory:255,parameterNumber:255
name:COVER286,typeOfFirstFixedSurface:1,discipline:255,parameterCategory:255,parameterNumber:255
name:COVER287,typeOfFirstFixedSurface:1,discipline:255,parameterCategory:255,parameterNumber:255
name:COVER288,typeOfFirstFixedSurface:1,discipline:255,parameterCategory:255,parameterNumber:255
name:COVER289,typeOfFirstFixedSurface:1,discipline:255,parameterCategory:255,parameterNumber:255
name:COVER290,typeOfFirstFixedSurface:1,discipline:255,parameterCategory:255,parameterNumber:255
name:COVER291,typeOfFirstFixedSurface:1,discipline:255,parameterCategory:255,parameterNumber:255
name:COVER292,typeOfFirstFixedSurface:1,discipline:255,parameterCategory:255,parameterNumber:255
name:COVER293,typeOfFirstFixedSurface:1,discipline:255,parameterCategory:255,parameterNumber:255
name:COVER294,typeOfFirstFixedSurface:1,discipline:255,parameterCategory:255,parameterNumber:255
name:COVER295,typeOfFirstFixedSurface:1,discipline:255,parameterCategory:255,parameterNumber:255
name:COVER296,typeOfFirstFixedSurface:1,discipline:255,parameterCategory:255,parameterNumber:255
name:COVER297,typeOfFirstFixedSurface:1,discipline:255,parameterCategory:255,parameterNumber:255
name:COVER298,typeOfFirstFixedSurface:1,discipline:255,parameterCategory:255,parameterNumber:255
name:COVER299,typeOfFirstFixedSurface:1,discipline:255,parameterCategory:255,parameterNumber:255
name:COVER300,typeOfFirstFixedSurface:1,discipline:255,parameterCategory:255,parameterNumber:255
name:COVER301,typeOfFirstFixedSurface:1,discipline:255,parameterCategory:255,parameterNumber:255
name:COVER302,typeOfFirstFixedSurface:1,discipline:255,parameterCategory:255,parameterNumber:255
name:COVER303,typeOfFirstFixedSurface:1,discipline:255,parameterCategory:255,parameterNumber:255
name:COVER304,typeOfFirstFixedSurface:1,discipline:255,parameterCategory:255,parameterNumber:255
name:COVER305,typeOfFirstFixedSurface:1,discipline:255,parameterCategory:255,parameterNumber:255
name:COVER306,typeOfFirstFixedSurface:1,discipline:255,parameterCategory:255,parameterNumber:255
name:COVER307,typeOfFirstFixedSurface:1,discipline:255,parameterCategory:255,parameterNumber:255
name:COVER308,typeOfFirstFixedSurface:1,discipline:255,parameterCategory:255,parameterNumber:255
name:COVER309,typeOfFirstFixedSurface:1,discipline:255,parameterCategory:255,parameterNumber:255
name:COVER310,typeOfFirstFixedSurface:1,discipline:255,parameterCategory:255,parameterNumber:255
name:COVER311,typeOfFirstFixedSurface:1,discipline:255,parameterCategory:255,parameterNumber:255
name:COVER312,typeOfFirstFixedSurface:1,discipline:255,parameterCategory:255,parameterNumber:255
name:COVER313,typeOfFirstFixedSurface:1,discipline:255,parameterCategory:255,parameterNumber:255
name:COVER314,typeOfFirstFixedSurface:1,discipline:255,parameterCategory:255,parameterNumber:255
name:COVER315,typeOfFirstFixedSurface:1,discipline:255,parameterCategory:255,parameterNumber:255
name:COVER316,typeOfFirstFixedSurface:1,discipline:255,parameterCategory:255,parameterNumber:255
name:COVER317,typeOfFirstFixedSurface:1,discipline:255,parameterCategory:255,parameterNumber:255
name:COVER318,typeOfFirstFixedSurface:1,discipline:255,parameterCategory:255,parameterNumber:255
name:COVER319,typeOfFirstFixedSurface:1,discipline:255,parameterCategory:255,parameterNumber:255
name:COVER320,typeOfFirstFixedSurface:1,discipline:255,parameterCategory:255,parameterNumber:255
name:COVER321,typeOfFirstFixedSurface:1,discipline:255,parameterCategory:255,parameterNumber:255
name:COVER322,typeOfFirstFixedSurface:1,discipline:255,parameterCategory:255,parameterNumber:255
name:COVER323,typeOfFirstFixedSurface:1,discipline:255,parameterCategory:255,parameterNumber:255
name:COVER324,typeOfFirstFixedSurface:1,discipline:255,parameterCategory:255,parameterNumber:255
name:COVER325,typeOfFirstFixedSurface:1,discipline:255,parameterCategory:255,parameterNumber:255
name:COVER326,typeOfFirstFixedSurface:1,discipline:255,parameterCategory:255,parameterNumber:255
name:COVER327,typeOfFirstFixedSurface:1,discipline:255,parameterCategory:255,parameterNumber:255
name:COVER328,typeOfFirstFixedSurface:1,discipline:255,parameterCategory:255,parameterNumber:255
name:COVER329,typeOfFirstFixedSurface:1,discipline:255,parameterCategory:255,parameterNumber:255
name:COVER330,typeOfFirstFixedSurface:1,discipline:255,parameterCategory:255,parameterNumber:255
name:COVER331,typeOfFirstFixedSurface:1,discipline:255,parameterCategory:255,parameterNumber:255
name:COVER332,typeOfFirstFixedSurface:1,discipline:255,parameterCategory:255,parameterNumber:255
name:COVER333,typeOfFirstFixedSurface:1,discipline:255,parameterCategory:255,parameterNumber:255
name:COVER334,typeOfFirstFixedSurface:1,discipline:255,parameterCategory:255,parameterNumber:255
name:COVER335,typeOfFirstFixedSurface:1,discipline:255,parameterCategory:255,parameterNumber:255
name:COVER336,typeOfFirstFixedSurface:1,discipline:255,parameterCategory:255,parameterNumber:255
name:COVER337,typeOfFirstFixedSurface:1,discipline:255,parameterCategory:255,parameterNumber:255
name:COVER338,typeOfFirstFixedSurface:1,discipline:255,parameterCategory:255,parameterNumber:255
name:COVER339,typeOfFirstFixedSurface:1,discipline:255,parameterCategory:255,parameterNumber:255
name:COVER340,typeOfFirstFixedSurface:1,discipline:255,parameterCategory:255,parameterNumber:255
name:COVER341,typeOfFirstFixedSurface:1,discipline:255,parameterCategory:255,parameterNumber:255
name:COVER342,typeOfFirstFixedSurface:1,discipline:255,parameterCategory:255,parameterNumber:255
name:COVER343,typeOfFirstFixedSurface:1,discipline:255,parameterCategory:255,parameterNumber:255
name:COVER344,typeOfFirstFixedSurface:1,discipline:255,parameterCategory:255,parameterNumber:255
name:COVER345,typeOfFirstFixedSurface:1,discipline:255,parameterCategory:255,parameterNumber:255
name:COVER346,typeOfFirstFixedSurface:1,discipline:255,parameterCategory:255,parameterNumber:255
name:COVER347,typeOfFirstFixedSurface:1,discipline:255,parameterCategory:255,parameterNumber:255
name:COVER348,typeOfFirstFixedSurface:1,discipline:255,parameterCategory:255,parameterNumber:255
name:COVER349,typeOfFirstFixedSurface:1,discipline:255,parameterCategory:255,parameterNumber:255
name:COVER350,typeOfFirstFixedSurface:1,discipline:255,parameterCategory:255,parameterNumber:255
name:COVER351,typeOfFirstFixedSurface:1,discipline:255,parameterCategory:255,parameterNumber:255
name:COVER352,typeOfFirstFixedSurface:1,discipline:255,parameterCategory:255,parameterNumber:255
name:COVER353,typeOfFirstFixedSurface:1,discipline:255,parameterCategory:255,parameterNumber:255
name:COVER354,typeOfFirstFixedSurface:1,discipline:255,parameterCategory:255,parameterNumber:255
name:COVER355,typeOfFirstFixedSurface:1,discipline:255,parameterCategory:255,parameterNumber:255
name:COVER356,typeOfFirstFixedSurface:1,discipline:255,parameterCategory:255,parameterNumber:255
name:COVER357,typeOfFirstFixedSurface:1,discipline:255,parameterCategory:255,parameterNumber:255
name:COVER358,typeOfFirstFixedSurface:1,discipline:255,parameterCategory:255,parameterNumber:255
name:COVER359,typeOfFirstFixedSurface:1,discipline:255,parameterCategory:255,parameterNumber:255
name:COVER360,typeOfFirstFixedSurface:1,discipline:255,parameterCategory:255,parameterNumber:255
name:COVER361,typeOfFirstFixedSurface:1,discipline:255,parameterCategory:255,parameterNumber:255
name:COVER362,typeOfFirstFixedSurface:1,discipline:255,parameterCategory:255,parameterNumber:255
name:COVER363,typeOfFirstFixedSurface:1,discipline:255,parameterCategory:255,parameterNumber:255
name:COVER364,typeOfFirstFixedSurface:1,discipline:255,parameterCategory:255,parameterNumber:255
name:COVER365,typeOfFirstFixedSurface:1,discipline:255,parameterCategory:255,parameterNumber:255
name:COVER366,typeOfFirstFixedSurface:1,discipline:255,parameterCategory:255,parameterNumber:255
name:COVER367,typeOfFirstFixedSurface:1,discipline:255,parameterCategory:255,parameterNumber:255
name:COVER368,typeOfFirstFixedSurface:1,discipline:255,parameterCategory:255,parameterNumber:255
name:COVER369,typeOfFirstFixedSurface:1,discipline:255,parameterCategory:255,parameterNumber:255
name:COVER370,typeOfFirstFixedSurface:1,discipline:255,parameterCategory:255,parameterNumber:255
name:COVER371,typeOfFirstFixedSurface:1,discipline:255,parameterCategory:255,parameterNumber:255
name:COVER372,typeOfFirstFixedSurface:1,discipline:255,parameterCategory:255,parameterNumber:255
name:COVER373,typeOfFirstFixedSurface:1,discipline:255,parameterCategory:255,parameterNumber:255
name:COVER374,typeOfFirstFixedSurface:1,discipline:255,parameterCategory:255,parameterNumber:255
name:COVER375,typeOfFirstFixedSurface:1,discipline:255,parameterCategory:255,parameterNumber:255
name:COVER376,typeOfFirstFixedSurface:1,discipline:255,parameterCategory:255,parameterNumber:255
name:COVER377,typeOfFirstFixedSurface:1,discipline:255,parameterCategory:255,parameterNumber:255
name:COVER378,typeOfFirstFixedSurface:1,discipline:255,parameterCategory:255,parameterNumber:255
name:COVER379,typeOfFirstFixedSurface:1,discipline:255,parameterCategory:255,parameterNumber:255
name:COVER380,typeOfFirstFixedSurface:1,discipline:255,parameterCategory:255,parameterNumber:255
name:COVER381,typeOfFirstFixedSurface:1,discipline:255,parameterCategory:255,parameterNumber:255
name:COVER382,typeOfFirstFixedSurface:1,discipline:255,parameterCategory:255,parameterNumber:255
name:COVER383,typeOfFirstFixedSurface:1,discipline:255,parameterCategory:255,parameterNumber:255
name:COVER384,typeOfFirstFixedSurface:1,discipline:255,parameterCategory:255,parameterNumber:255
name:COVER385,typeOfFirstFixedSurface:1,discipline:255,parameterCategory:255,parameterNumber:255
name:COVER386,typeOfFirstFixedSurface:1,discipline:255,parameterCategory:255,parameterNumber:255
name:COVER387,typeOfFirstFixedSurface:1,discipline:255,parameterCategory:255,parameterNumber:255
name:COVER388,typeOfFirstFixedSurface:1,discipline:255,parameterCategory:255,parameterNumber:255
name:COVER389,typeOfFirstFixedSurface:1,discipline:255,parameterCategory:255,parameterNumber:255
name:COVER390,typeOfFirstFixedSurface:1,discipline:255,parameterCategory:255,parameterNumber:255
name:COVER391,typeOfFirstFixedSurface:1,discipline:255,parameterCategory:255,parameterNumber:255
name:COVER392,typeOfFirstFixedSurface:1,discipline:255,parameterCategory:255,parameterNumber:255
name:COVER393,typeOfFirstFixedSurface:1,discipline:255,parameterCategory:255,parameterNumber:255
name:COVER394,typeOfFirstFixedSurface:1,discipline:255,parameterCategory:255,parameterNumber:255
name:COVER395,typeOfFirstFixedSurface:1,discipline:255,parameterCategory:255,parameterNumber:255
name:COVER396,typeOfFirstFixedSurface:1,discipline:255,parameterCategory:255,parameterNumber:255
name:COVER397,typeOfFirstFixedSurface:1,discipline:255,parameterCategory:255,parameterNumber:255
name:COVER398,typeOfFirstFixedSurface:1,discipline:255,parameterCategory:255,parameterNumber:255
name:COVER399,typeOfFirstFixedSurface:1,discipline:255,parameterCategory:255,parameterNumber:255
name:COVER400,typeOfFirstFixedSurface:1,discipline:255,parameterCategory:255,parameterNumber:255
name:COVER401,typeOfFirstFixedSurface:1,discipline:255,parameterCategory:255,parameterNumber:255
name:COVER402,typeOfFirstFixedSurface:1,discipline:255,parameterCategory:255,parameterNumber:255
name:COVER403,typeOfFirstFixedSurface:1,discipline:255,parameterCategory:255,parameterNumber:255
name:COVER404,typeOfFirstFixedSurface:1,discipline:255,parameterCategory:255,parameterNumber:255
name:COVER405,typeOfFirstFixedSurface:1,discipline:255,parameterCategory:255,parameterNumber:255
name:COVER406,typeOfFirstFixedSurface:1,discipline:255,parameterCategory:255,parameterNumber:255
name:COVER407,typeOfFirstFixedSurface:1,discipline:255,parameterCategory:255,parameterNumber:255
name:COVER408,typeOfFirstFixedSurface:1,discipline:255,parameterCategory:255,parameterNumber:255
name:COVER409,typeOfFirstFixedSurface:1,discipline:255,parameterCategory:255,parameterNumber:255
name:COVER410,typeOfFirstFixedSurface:1,discipline:255,parameterCategory:255,parameterNumber:255
name:COVER411,typeOfFirstFixedSurface:1,discipline:255,parameterCategory:255,parameterNumber:255
name:COVER412,typeOfFirstFixedSurface:1,discipline:255,parameterCategory:255,parameterNumber:255
name:COVER413,typeOfFirstFixedSurface:1,discipline:255,parameterCategory:255,parameterNumber:255
name:COVER414,typeOfFirstFixedSurface:1,discipline:255,parameterCategory:255,parameterNumber:255
name:COVER415,typeOfFirstFixedSurface:1,discipline:255,parameterCategory:255,parameterNumber:255
name:COVER416,typeOfFirstFixedSurface:1,discipline:255,parameterCategory:255,parameterNumber:255
name:COVER417,typeOfFirstFixedSurface:1,discipline:255,parameterCategory:255,parameterNumber:255
name:COVER418,typeOfFirstFixedSurface:1,discipline:255,parameterCategory:255,parameterNumber:255
name:COVER419,typeOfFirstFixedSurface:1,discipline:255,parameterCategory:255,parameterNumber:255
name:COVER420,typeOfFirstFixedSurface:1,discipline:255,parameterCategory:255,parameterNumber:255
name:COVER421,typeOfFirstFixedSurface:1,discipline:255,parameterCategory:255,parameterNumber:255
name:COVER422,typeOfFirstFixedSurface:1,discipline:255,parameterCategory:255,parameterNumber:255
name:COVER423,typeOfFirstFixedSurface:1,discipline:255,parameterCategory:255,parameterNumber:255
name:COVER424,typeOfFirstFixedSurface:1,discipline:255,parameterCategory:255,parameterNumber:255
name:COVER425,typeOfFirstFixedSurface:1,discipline:255,parameterCategory:255,parameterNumber:255
name:COVER426,typeOfFirstFixedSurface:1,discipline:255,parameterCategory:255,parameterNumber:255
name:COVER427,typeOfFirstFixedSurface:1,discipline:255,parameterCategory:255,parameterNumber:255
name:COVER428,typeOfFirstFixedSurface:1,discipline:255,parameterCategory:255,parameterNumber:255
name:COVER429,typeOfFirstFixedSurface:1,discipline:255,parameterCategory:255,parameterNumber:255
name:COVER430,typeOfFirstFixedSurface:1,discipline:255,parameterCategory:255,parameterNumber:255
name:COVER431,typeOfFirstFixedSurface:1,discipline:255,parameterCategory:255,parameterNumber:255
name:COVER432,typeOfFirstFixedSurface:1,discipline:255,parameterCategory:255,parameterNumber:255
name:COVER433,typeOfFirstFixedSurface:1,discipline:255,parameterCategory:255,parameterNumber:255
name:COVER434,typeOfFirstFixedSurface:1,discipline:255,parameterCategory:255,parameterNumber:255
name:COVER435,typeOfFirstFixedSurface:1,discipline:255,parameterCategory:255,parameterNumber:255
name:COVER436,typeOfFirstFixedSurface:1,discipline:255,parameterCategory:255,parameterNumber:255
name:COVER437,typeOfFirstFixedSurface:1,discipline:255,parameterCategory:255,parameterNumber:255
name:COVER438,typeOfFirstFixedSurface:1,discipline:255,parameterCategory:255,parameterNumber:255
name:COVER439,typeOfFirstFixedSurface:1,discipline:255,parameterCategory:255,parameterNumber:255
name:COVER440,typeOfFirstFixedSurface:1,discipline:255,parameterCategory:255,parameterNumber:255
name:COVER441,typeOfFirstFixedSurface:1,discipline:255,parameterCategory:255,parameterNumber:255
name:COVER442,typeOfFirstFixedSurface:1,discipline:255,parameterCategory:255,parameterNumber:255
name:COVER443,typeOfFirstFixedSurface:1,discipline:255,parameterCategory:255,parameterNumber:255
name:COVER444,typeOfFirstFixedSurface:1,discipline:255,parameterCategory:255,parameterNumber:255
name:COVER445,typeOfFirstFixedSurface:1,discipline:255,parameterCategory:255,parameterNumber:255
name:COVER446,typeOfFirstFixedSurface:1,discipline:255,parameterCategory:255,parameterNumber:255
name:COVER447,typeOfFirstFixedSurface:1,discipline:255,parameterCategory:255,parameterNumber:255
name:COVER448,typeOfFirstFixedSurface:1,discipline:255,parameterCategory:255,parameterNumber:255
name:COVER449,typeOfFirstFixedSurface:1,discipline:255,parameterCategory:255,parameterNumber:255
name:COVER450,typeOfFirstFixedSurface:1,discipline:255,parameterCategory:255,parameterNumber:255
name:COVER451,typeOfFirstFixedSurface:1,discipline:255,parameterCategory:255,parameterNumber:255
name:COVER452,typeOfFirstFixedSurface:1,discipline:255,parameterCategory:255,parameterNumber:255
name:COVER453,typeOfFirstFixedSurface:1,discipline:255,parameterCategory:255,parameterNumber:255
name:COVER454,typeOfFirstFixedSurface:1,discipline:255,parameterCategory:255,parameterNumber:255
name:COVER455,typeOfFirstFixedSurface:1,discipline:255,parameterCategory:255,parameterNumber:255
name:COVER456,typeOfFirstFixedSurface:1,discipline:255,parameterCategory:255,parameterNumber:255
name:COVER457,typeOfFirstFixedSurface:1,discipline:255,parameterCategory:255,parameterNumber:255
name:COVER458,typeOfFirstFixedSurface:1,discipline:255,parameterCategory:255,parameterNumber:255
name:COVER459,typeOfFirstFixedSurface:1,discipline:255,parameterCategory:255,parameterNumber:255
name:COVER460,typeOfFirstFixedSurface:1,discipline:255,parameterCategory:255,parameterNumber:255
name:COVER461,typeOfFirstFixedSurface:1,discipline:255,parameterCategory:255,parameterNumber:255
name:COVER462,typeOfFirstFixedSurface:1,discipline:255,parameterCategory:255,parameterNumber:255
name:COVER463,typeOfFirstFixedSurface:1,discipline:255,parameterCategory:255,parameterNumber:255
name:COVER464,typeOfFirstFixedSurface:1,discipline:255,parameterCategory:255,parameterNumber:255
name:COVER465,typeOfFirstFixedSurface:1,discipline:255,parameterCategory:255,parameterNumber:255
name:COVER466,typeOfFirstFixedSurface:1,discipline:255,parameterCategory:255,parameterNumber:255
name:COVER467,typeOfFirstFixedSurface:1,discipline:255,parameterCategory:255,parameterNumber:255
name:COVER468,typeOfFirstFixedSurface:1,discipline:255,parameterCategory:255,parameterNumber:255
name:COVER469,typeOfFirstFixedSurface:1,discipline:255,parameterCategory:255,parameterNumber:255
name:COVER470,typeOfFirstFixedSurface:1,discipline:255,parameterCategory:255,parameterNumber:255
name:COVER471,typeOfFirstFixedSurface:1,discipline:255,parameterCategory:255,parameterNumber:255
name:COVER472,typeOfFirstFixedSurface:1,discipline:255,parameterCategory:255,parameterNumber:255
name:COVER473,typeOfFirstFixedSurface:1,discipline:255,parameterCategory:255,parameterNumber:255
name:COVER474,typeOfFirstFixedSurface:1,discipline:255,parameterCategory:255,parameterNumber:255
name:COVER475,typeOfFirstFixedSurface:1,discipline:255,parameterCategory:255,parameterNumber:255
name:COVER476,typeOfFirstFixedSurface:1,discipline:255,parameterCategory:255,parameterNumber:255
name:COVER477,typeOfFirstFixedSurface:1,discipline:255,parameterCategory:255,parameterNumber:255
name:COVER478,typeOfFirstFixedSurface:1,discipline:255,parameterCategory:255,parameterNumber:255
name:COVER479,typeOfFirstFixedSurface:1,discipline:255,parameterCategory:255,parameterNumber:255
name:COVER480,typeOfFirstFixedSurface:1,discipline:255,parameterCategory:255,parameterNumber:255
name:COVER481,typeOfFirstFixedSurface:1,discipline:255,parameterCategory:255,parameterNumber:255
name:COVER482,typeOfFirstFixedSurface:1,discipline:255,parameterCategory:255,parameterNumber:255
name:COVER483,typeOfFirstFixedSurface:1,discipline:255,parameterCategory:255,parameterNumber:255
name:COVER484,typeOfFirstFixedSurface:1,discipline:255,parameterCategory:255,parameterNumber:255
name:COVER485,typeOfFirstFixedSurface:1,discipline:255,parameterCategory:255,parameterNumber:255
name:COVER486,typeOfFirstFixedSurface:1,discipline:255,parameterCategory:255,parameterNumber:255
name:COVER487,typeOfFirstFixedSurface:1,discipline:255,parameterCategory:255,parameterNumber:255
name:COVER488,typeOfFirstFixedSurface:1,discipline:255,parameterCategory:255,parameterNumber:255
name:COVER489,typeOfFirstFixedSurface:1,discipline:255,parameterCategory:255,parameterNumber:255
name:COVER490,typeOfFirstFixedSurface:1,discipline:255,parameterCategory:255,parameterNumber:255
name:COVER491,typeOfFirstFixedSurface:1,discipline:255,parameterCategory:255,parameterNumber:255
name:COVER492,typeOfFirstFixedSurface:1,discipline:255,parameterCategory:255,parameterNumber:255
name:COVER493,typeOfFirstFixedSurface:1,discipline:255,parameterCategory:255,parameterNumber:255
name:COVER494,typeOfFirstFixedSurface:1,discipline:255,parameterCategory:255,parameterNumber:255
name:COVER495,typeOfFirstFixedSurface:1,discipline:255,parameterCategory:255,parameterNumber:255
name:COVER496,typeOfFirstFixedSurface:1,discipline:255,parameterCategory:255,parameterNumber:255
name:COVER497,typeOfFirstFixedSurface:1,discipline:255,parameterCategory:255,parameterNumber:255
name:COVER498,typeOfFirstFixedSurface:1,discipline:255,parameterCategory:255,parameterNumber:255
name:COVER499,typeOfFirstFixedSurface:1,discipline:255,parameterCategory:255,parameterNumber:255
name:COVER500,typeOfFirstFixedSurface:1,discipline:255,parameterCategory:255,parameterNumber:255
name:COVER501,typeOfFirstFixedSurface:1,discipline:255,parameterCategory:255,parameterNumber:255
name:COVER502,typeOfFirstFixedSurface:1,discipline:255,parameterCategory:255,parameterNumber:255
name:COVER503,typeOfFirstFixedSurface:1,discipline:255,parameterCategory:255,parameterNumber:255
name:COVER504,typeOfFirstFixedSurface:1,discipline:255,parameterCategory:255,parameterNumber:255
name:COVER505,typeOfFirstFixedSurface:1,discipline:255,parameterCategory:255,parameterNumber:255
name:COVER506,typeOfFirstFixedSurface:1,discipline:255,parameterCategory:255,parameterNumber:255
name:COVER507,typeOfFirstFixedSurface:1,discipline:255,parameterCategory:255,parameterNumber:255
name:COVER508,typeOfFirstFixedSurface:1,discipline:255,parameterCategory:255,parameterNumber:255
name:COVER509,typeOfFirstFixedSurface:1,discipline:255,parameterCategory:255,parameterNumber:255
name:COVER510,typeOfFirstFixedSurface:1,discipline:255,parameterCategory:255,parameterNumber:255
name:COVER511,typeOfFirstFixedSurface:1,discipline:255,parameterCategory:255,parameterNumber:255
name:COVER512,typeOfFirstFixedSurface:1,discipline:255,parameterCategory:255,parameterNumber:255
name:COVER513,typeOfFirstFixedSurface:1,discipline:255,parameterCategory:255,parameterNumber:255
name:COVER514,typeOfFirstFixedSurface:1,discipline:255,parameterCategory:255,parameterNumber:255
name:COVER515,typeOfFirstFixedSurface:1,discipline:255,parameterCategory:255,parameterNumber:255
name:COVER516,typeOfFirstFixedSurface:1,discipline:255,parameterCategory:255,parameterNumber:255
name:COVER517,typeOfFirstFixedSurface:1,discipline:255,parameterCategory:255,parameterNumber:255
name:COVER518,typeOfFirstFixedSurface:1,discipline:255,parameterCategory:255,parameterNumber:255
name:COVER519,typeOfFirstFixedSurface:1,discipline:255,parameterCategory:255,parameterNumber:255
name:COVER520,typeOfFirstFixedSurface:1,discipline:255,parameterCategory:255,parameterNumber:255
name:COVER521,typeOfFirstFixedSurface:1,discipline:255,parameterCategory:255,parameterNumber:255
name:COVER522,typeOfFirstFixedSurface:1,discipline:255,parameterCategory:255,parameterNumber:255
name:COVER523,typeOfFirstFixedSurface:1,discipline:255,parameterCategory:255,parameterNumber:255
name:COVER524,typeOfFirstFixedSurface:1,discipline:255,parameterCategory:255,parameterNumber:255
name:COVER525,typeOfFirstFixedSurface:1,discipline:255,parameterCategory:255,parameterNumber:255
name:COVER526,typeOfFirstFixedSurface:1,discipline:255,parameterCategory:255,parameterNumber:255
name:COVER527,typeOfFirstFixedSurface:1,discipline:255,parameterCategory:255,parameterNumber:255
name:COVER528,typeOfFirstFixedSurface:1,discipline:255,parameterCategory:255,parameterNumber:255
name:COVER529,typeOfFirstFixedSurface:1,discipline:255,parameterCategory:255,parameterNumber:255
name:COVER530,typeOfFirstFixedSurface:1,discipline:255,parameterCategory:255,parameterNumber:255
name:COVER531,typeOfFirstFixedSurface:1,discipline:255,parameterCategory:255,parameterNumber:255
name:COVER532,typeOfFirstFixedSurface:1,discipline:255,parameterCategory:255,parameterNumber:255
name:COVER533,typeOfFirstFixedSurface:1,discipline:255,parameterCategory:255,parameterNumber:255
name:COVER534,typeOfFirstFixedSurface:1,discipline:255,parameterCategory:255,parameterNumber:255
name:COVER535,typeOfFirstFixedSurface:1,discipline:255,parameterCategory:255,parameterNumber:255
name:COVER536,typeOfFirstFixedSurface:1,discipline:255,parameterCategory:255,parameterNumber:255
name:COVER537,typeOfFirstFixedSurface:1,discipline:255,parameterCategory:255,parameterNumber:255
name:COVER538,typeOfFirstFixedSurface:1,discipline:255,parameterCategory:255,parameterNumber:255
name:COVER539,typeOfFirstFixedSurface:1,discipline:255,parameterCategory:255,parameterNumber:255
name:COVER540,typeOfFirstFixedSurface:1,discipline:255,parameterCategory:255,parameterNumber:255
name:COVER541,typeOfFirstFixedSurface:1,discipline:255,parameterCategory:255,parameterNumber:255
name:COVER542,typeOfFirstFixedSurface:1,discipline:255,parameterCategory:255,parameterNumber:255
name:COVER543,typeOfFirstFixedSurface:1,discipline:255,parameterCategory:255,parameterNumber:255
name:COVER544,typeOfFirstFixedSurface:1,discipline:255,parameterCategory:255,parameterNumber:255
name:COVER545,typeOfFirstFixedSurface:1,discipline:255,parameterCategory:255,parameterNumber:255
name:COVER546,typeOfFirstFixedSurface:1,discipline:255,parameterCategory:255,parameterNumber:255
name:COVER547,typeOfFirstFixedSurface:1,discipline:255,parameterCategory:255,parameterNumber:255
name:COVER548,typeOfFirstFixedSurface:1,discipline:255,parameterCategory:255,parameterNumber:255
name:COVER549,typeOfFirstFixedSurface:1,discipline:255,parameterCategory:255,parameterNumber:255
name:COVER550,typeOfFirstFixedSurface:1,discipline:255,parameterCategory:255,parameterNumber:255
name:COVER551,typeOfFirstFixedSurface:1,discipline:255,parameterCategory:255,parameterNumber:255
name:COVER552,typeOfFirstFixedSurface:1,discipline:255,parameterCategory:255,parameterNumber:255
name:COVER553,typeOfFirstFixedSurface:1,discipline:255,parameterCategory:255,parameterNumber:255
name:COVER554,typeOfFirstFixedSurface:1,discipline:255,parameterCategory:255,parameterNumber:255
name:COVER555,typeOfFirstFixedSurface:1,discipline:255,parameterCategory:255,parameterNumber:255
name:COVER556,typeOfFirstFixedSurface:1,discipline:255,parameterCategory:255,parameterNumber:255
name:COVER557,typeOfFirstFixedSurface:1,discipline:255,parameterCategory:255,parameterNumber:255
name:COVER558,typeOfFirstFixedSurface:1,discipline:255,parameterCategory:255,parameterNumber:255
name:COVER559,typeOfFirstFixedSurface:1,discipline:255,parameterCategory:255,parameterNumber:255
name:COVER560,typeOfFirstFixedSurface:1,discipline:255,parameterCategory:255,parameterNumber:255
name:COVER561,typeOfFirstFixedSurface:1,discipline:255,parameterCategory:255,parameterNumber:255
name:COVER562,typeOfFirstFixedSurface:1,discipline:255,parameterCategory:255,parameterNumber:255
name:COVER563,typeOfFirstFixedSurface:1,discipline:255,parameterCategory:255,parameterNumber:255
name:COVER564,typeOfFirstFixedSurface:1,discipline:255,parameterCategory:255,parameterNumber:255
name:COVER565,typeOfFirstFixedSurface:1,discipline:255,parameterCategory:255,parameterNumber:255
name:COVER566,typeOfFirstFixedSurface:1,discipline:255,parameterCategory:255,parameterNumber:255
name:COVER567,typeOfFirstFixedSurface:1,discipline:255,parameterCategory:255,parameterNumber:255
name:COVER568,typeOfFirstFixedSurface:1,discipline:255,parameterCategory:255,parameterNumber:255
name:COVER569,typeOfFirstFixedSurface:1,discipline:255,parameterCategory:255,parameterNumber:255
name:COVER570,typeOfFirstFixedSurface:1,discipline:255,parameterCategory:255,parameterNumber:255
name:COVER571,typeOfFirstFixedSurface:1,discipline:255,parameterCategory:255,parameterNumber:255
name:COVER572,typeOfFirstFixedSurface:1,discipline:255,parameterCategory:255,parameterNumber:255
name:COVER573,typeOfFirstFixedSurface:1,discipline:255,parameterCategory:255,parameterNumber:255
name:COVER574,typeOfFirstFixedSurface:1,discipline:255,parameterCategory:255,parameterNumber:255
name:COVER575,typeOfFirstFixedSurface:1,discipline:255,parameterCategory:255,parameterNumber:255
name:COVER576,typeOfFirstFixedSurface:1,discipline:255,parameterCategory:255,parameterNumber:255
name:COVER577,typeOfFirstFixedSurface:1,discipline:255,parameterCategory:255,parameterNumber:255
name:COVER578,typeOfFirstFixedSurface:1,discipline:255,parameterCategory:255,parameterNumber:255
name:COVER579,typeOfFirstFixedSurface:1,discipline:255,parameterCategory:255,parameterNumber:255
name:COVER580,typeOfFirstFixedSurface:1,discipline:255,parameterCategory:255,parameterNumber:255
name:COVER581,typeOfFirstFixedSurface:1,discipline:255,parameterCategory:255,parameterNumber:255
name:COVER582,typeOfFirstFixedSurface:1,discipline:255,parameterCategory:255,parameterNumber:255
name:COVER583,typeOfFirstFixedSurface:1,discipline:255,parameterCategory:255,parameterNumber:255
name:COVER584,typeOfFirstFixedSurface:1,discipline:255,parameterCategory:255,parameterNumber:255
name:COVER585,typeOfFirstFixedSurface:1,discipline:255,parameterCategory:255,parameterNumber:255
name:COVER586,typeOfFirstFixedSurface:1,discipline:255,parameterCategory:255,parameterNumber:255
name:COVER587,typeOfFirstFixedSurface:1,discipline:255,parameterCategory:255,parameterNumber:255
name:COVER588,typeOfFirstFixedSurface:1,discipline:255,parameterCategory:255,parameterNumber:255
name:COVER589,typeOfFirstFixedSurface:1,discipline:255,parameterCategory:255,parameterNumber:255
name:COVER590,typeOfFirstFixedSurface:1,discipline:255,parameterCategory:255,parameterNumber:255
name:COVER591,typeOfFirstFixedSurface:1,discipline:255,parameterCategory:255,parameterNumber:255
name:COVER592,typeOfFirstFixedSurface:1,discipline:255,parameterCategory:255,parameterNumber:255
name:COVER593,typeOfFirstFixedSurface:1,discipline:255,parameterCategory:255,parameterNumber:255
name:COVER594,typeOfFirstFixedSurface:1,discipline:255,parameterCategory:255,parameterNumber:255
name:COVER595,typeOfFirstFixedSurface:1,discipline:255,parameterCategory:255,parameterNumber:255
name:COVER596,typeOfFirstFixedSurface:1,discipline:255,parameterCategory:255,parameterNumber:255
name:COVER597,typeOfFirstFixedSurface:1,discipline:255,parameterCategory:255,parameterNumber:255
name:COVER598,typeOfFirstFixedSurface:1,discipline:255,parameterCategory:255,parameterNumber:255
name:COVER599,typeOfFirstFixedSurface:1,discipline:255,parameterCategory:255,parameterNumber:255
name:TG1,typeOfFirstFixedSurface:255,level:1,discipline:255,parameterCategory:255,parameterNumber:255
name:TG2,typeOfFirstFixedSurface:255,level:2,discipline:255,parameterCategory:255,parameterNumber:255
name:TG3,typeOfFirstFixedSurface:255,level:3,discipline:255,parameterCategory:255,parameterNumber:255
name:WG1,typeOfFirstFixedSurface:255,level:1,discipline:255,parameterCategory:255,parameterNumber:255
name:WG2,typeOfFirstFixedSurface:255,level:2,discipline:255,parameterCategory:255,parameterNumber:255
name:WG3,typeOfFirstFixedSurface:255,level:3,discipline:255,parameterCategory:255,parameterNumber:255
name:WGI1,typeOfFirstFixedSurface:255,level:1,discipline:255,parameterCategory:255,parameterNumber:255
name:WGI2,typeOfFirstFixedSurface:255,level:2,discipline:255,parameterCategory:255,parameterNumber:255
name:WGI3,typeOfFirstFixedSurface:255,level:3,discipline:255,parameterCategory:255,parameterNumber:255
name:WR,typeOfFirstFixedSurface:255,discipline:255,parameterCategory:255,parameterNumber:255
name:RESA,typeOfFirstFixedSurface:255,discipline:255,parameterCategory:255,parameterNumber:255
name:COUNTCONV,typeOfFirstFixedSurface:255,discipline:255,parameterCategory:255,parameterNumber:255
name:DTHCONV,discipline:255,parameterCategory:255,parameterNumber:255
name:DRVCONV,discipline:255,parameterCategory:255,parameterNumber:255
name:DRCCONV,discipline:255,parameterCategory:255,parameterNumber:255
name:DRICONV,discipline:255,parameterCategory:255,parameterNumber:255
name:PRCONV,typeOfFirstFixedSurface:255,discipline:255,parameterCategory:255,parameterNumber:255
name:PACCONV,typeOfFirstFixedSurface:255,discipline:255,parameterCategory:255,parameterNumber:255
name:PRSCONV,typeOfFirstFixedSurface:255,discipline:255,parameterCategory:255,parameterNumber:255
name:WSNOW_VEG1,typeOfFirstFixedSurface:255,discipline:255,parameterCategory:255,parameterNumber:255
name:RSNOW_VEG1,typeOfFirstFixedSurface:255,discipline:255,parameterCategory:255,parameterNumber:255
name:ASNOW_VEG,typeOfFirstFixedSurface:255,discipline:255,parameterCategory:255,parameterNumber:255
